location,location_code,period,cpi,exchange_rate_period_average,monetary_easing,real_gdp
Afghanistan,AFG,2019/12/31,2.3,,,10.74
Afghanistan,AFG,2020/12/31,5.6,,,-2.06
Afghanistan,AFG,2021/12/31,5.13,,,-20.74
Afghanistan,AFG,2022/12/31,13.71,,,-6.24
Afghanistan,AFG,2023/03/31,,87.06,,
Afghanistan,AFG,2023/06/30,,87.06,,
Afghanistan,AFG,2023/09/30,,87.06,,
Afghanistan,AFG,2023/12/31,-4.64,87.06,,2.71
Afghanistan,AFG,2024/03/31,,76.3,,
Afghanistan,AFG,2024/06/30,,76.3,,
Afghanistan,AFG,2024/09/30,,76.3,,
Afghanistan,AFG,2024/12/31,-6.6,76.3,,2.01
Afghanistan,AFG,2025/03/31,,83.54,,
Afghanistan,AFG,2025/06/30,,83.54,,
Afghanistan,AFG,2025/09/30,,83.54,,
Afghanistan,AFG,2025/12/31,1.68,83.54,,1.06
Afghanistan,AFG,2026/12/31,3.35,,,1.15
Afghanistan,AFG,2027/12/31,3.5,,,1.91
Albania,ALB,2019/12/31,1.41,,1.0,2.03
Albania,ALB,2020/12/31,1.62,,0.61,-3.35
Albania,ALB,2021/12/31,2.04,,0.5,8.82
Albania,ALB,2022/12/31,6.72,,1.43,4.85
Albania,ALB,2023/03/31,,108.83,,
Albania,ALB,2023/06/30,,108.83,,
Albania,ALB,2023/09/30,,108.83,,
Albania,ALB,2023/12/31,4.76,108.83,2.99,4.05
Albania,ALB,2024/03/31,,100.78,,
Albania,ALB,2024/06/30,,100.78,,
Albania,ALB,2024/09/30,,100.78,,
Albania,ALB,2024/12/31,2.22,100.78,3.09,4.03
Albania,ALB,2025/03/31,,98.13,,
Albania,ALB,2025/06/30,,98.13,,
Albania,ALB,2025/09/30,,98.13,,
Albania,ALB,2025/12/31,2.35,98.13,2.68,3.47
Albania,ALB,2026/12/31,2.69,,,3.15
Albania,ALB,2027/12/31,2.93,,,3.05
Algeria,DZA,2019/12/31,2.36,,3.5,0.9
Algeria,DZA,2020/12/31,2.09,,3.06,-5.06
Algeria,DZA,2021/12/31,6.62,,3.0,3.87
Algeria,DZA,2022/12/31,9.65,,3.0,3.65
Algeria,DZA,2023/03/31,,146.16,,
Algeria,DZA,2023/06/30,,147.82,,
Algeria,DZA,2023/09/30,,148.07,,
Algeria,DZA,2023/12/31,9.3,145.53,3.0,4.16
Algeria,DZA,2024/03/31,,145.97,,
Algeria,DZA,2024/06/30,,144.77,,
Algeria,DZA,2024/09/30,,146.85,,
Algeria,DZA,2024/12/31,4.81,142.74,3.0,3.64
Algeria,DZA,2025/03/31,,141.77,,
Algeria,DZA,2025/06/30,,149.68,,
Algeria,DZA,2025/09/30,,151.55,,
Algeria,DZA,2025/12/31,1.76,151.25,2.88,3.78
Algeria,DZA,2026/12/31,4.82,,,2.73
Algeria,DZA,2027/12/31,6.18,,,2.68
Andorra,AND,2019/12/31,0.53,,,2.02
Andorra,AND,2020/12/31,0.09,,,-11.18
Andorra,AND,2021/12/31,1.68,,,8.29
Andorra,AND,2022/12/31,6.2,,,9.56
Andorra,AND,2023/03/31,,6.56,,
Andorra,AND,2023/06/30,,6.56,,
Andorra,AND,2023/09/30,,6.56,,
Andorra,AND,2023/12/31,5.61,6.56,,2.58
Andorra,AND,2024/03/31,,6.56,,
Andorra,AND,2024/06/30,,6.56,,
Andorra,AND,2024/09/30,,6.56,,
Andorra,AND,2024/12/31,3.07,6.56,,2.09
Andorra,AND,2025/03/31,,6.56,,
Andorra,AND,2025/06/30,,6.56,,
Andorra,AND,2025/09/30,,6.56,,
Andorra,AND,2025/12/31,2.17,6.56,,1.66
Andorra,AND,2026/12/31,1.78,,,1.08
Andorra,AND,2027/12/31,1.53,,,0.84
Angola,AGO,2019/12/31,17.08,,15.65,-0.26
Angola,AGO,2020/12/31,22.27,,15.5,-4.18
Angola,AGO,2021/12/31,25.75,,17.76,2.12
Angola,AGO,2022/12/31,21.36,,19.87,4.39
Angola,AGO,2023/03/31,,740.72,,
Angola,AGO,2023/06/30,,740.72,,
Angola,AGO,2023/09/30,,740.72,,
Angola,AGO,2023/12/31,13.64,740.72,17.41,1.45
Angola,AGO,2024/03/31,,941.39,,
Angola,AGO,2024/06/30,,941.39,,
Angola,AGO,2024/09/30,,941.39,,
Angola,AGO,2024/12/31,28.24,941.39,19.1,4.47
Angola,AGO,2025/03/31,,1030.0,,
Angola,AGO,2025/06/30,,1030.0,,
Angola,AGO,2025/09/30,,1030.0,,
Angola,AGO,2025/12/31,20.3,1030.0,19.2,2.14
Angola,AGO,2026/12/31,13.22,,,2.84
Angola,AGO,2027/12/31,9.77,,,3.73
Anguilla,ANG,2019/12/31,0.82,,,6.59
Anguilla,ANG,2020/12/31,-0.49,,,-29.09
Anguilla,ANG,2021/12/31,1.79,,,10.77
Anguilla,ANG,2022/12/31,5.59,,,24.95
Anguilla,ANG,2023/03/31,,2.92,,
Anguilla,ANG,2023/06/30,,2.92,,
Anguilla,ANG,2023/09/30,,2.92,,
Anguilla,ANG,2023/12/31,3.39,2.92,,2.47
Anguilla,ANG,2024/03/31,,2.92,,
Anguilla,ANG,2024/06/30,,2.92,,
Anguilla,ANG,2024/09/30,,2.92,,
Anguilla,ANG,2024/12/31,-0.48,2.92,,5.88
Anguilla,ANG,2025/03/31,,3.05,,
Anguilla,ANG,2025/06/30,,3.05,,
Anguilla,ANG,2025/09/30,,3.05,,
Anguilla,ANG,2025/12/31,1.58,3.05,,3.76
Anguilla,ANG,2026/12/31,3.35,,,3.05
Anguilla,ANG,2027/12/31,2.26,,,3.05
Antigua and Barbuda,ATG,2019/12/31,1.43,,6.5,3.1
Antigua and Barbuda,ATG,2020/12/31,0.63,,2.0,-18.88
Antigua and Barbuda,ATG,2021/12/31,2.06,,2.0,8.18
Antigua and Barbuda,ATG,2022/12/31,7.53,,2.0,9.53
Antigua and Barbuda,ATG,2023/03/31,,2.92,,
Antigua and Barbuda,ATG,2023/06/30,,2.92,,
Antigua and Barbuda,ATG,2023/09/30,,2.92,,
Antigua and Barbuda,ATG,2023/12/31,5.07,2.92,2.0,3.85
Antigua and Barbuda,ATG,2024/03/31,,2.92,,
Antigua and Barbuda,ATG,2024/06/30,,2.92,,
Antigua and Barbuda,ATG,2024/09/30,,2.92,,
Antigua and Barbuda,ATG,2024/12/31,6.2,2.92,3.0,4.36
Antigua and Barbuda,ATG,2025/03/31,,3.05,,
Antigua and Barbuda,ATG,2025/06/30,,3.05,,
Antigua and Barbuda,ATG,2025/09/30,,3.05,,
Antigua and Barbuda,ATG,2025/12/31,0.73,3.05,3.0,3.26
Antigua and Barbuda,ATG,2026/12/31,4.1,,,2.8
Antigua and Barbuda,ATG,2027/12/31,3.0,,,4.02
Argentina,ARG,2019/12/31,53.55,,65.19,-2.0
Argentina,ARG,2020/12/31,42.02,,39.61,-9.9
Argentina,ARG,2021/12/31,48.41,,38.0,10.44
Argentina,ARG,2022/12/31,72.43,,57.1,6.02
Argentina,ARG,2023/03/31,,206.5,,
Argentina,ARG,2023/06/30,,253.34,,
Argentina,ARG,2023/09/30,,340.69,,
Argentina,ARG,2023/12/31,133.49,478.79,100.05,-1.86
Argentina,ARG,2024/03/31,,905.25,,
Argentina,ARG,2024/06/30,,953.61,,
Argentina,ARG,2024/09/30,,1035.24,,
Argentina,ARG,2024/12/31,219.88,1069.11,55.86,-1.34
Argentina,ARG,2025/03/31,,1111.45,,
Argentina,ARG,2025/06/30,,1303.99,,
Argentina,ARG,2025/09/30,,1556.17,,
Argentina,ARG,2025/12/31,41.92,1671.03,31.71,4.26
Argentina,ARG,2026/12/31,29.73,,,2.65
Argentina,ARG,2027/12/31,22.69,,,2.41
Armenia,ARM,2019/12/31,1.44,,5.5,7.6
Armenia,ARM,2020/12/31,1.21,,5.25,-7.2
Armenia,ARM,2021/12/31,7.18,,7.75,5.8
Armenia,ARM,2022/12/31,8.64,,10.75,12.6
Armenia,ARM,2023/03/31,,424.39,,
Armenia,ARM,2023/06/30,,424.39,,
Armenia,ARM,2023/09/30,,424.39,,
Armenia,ARM,2023/12/31,1.98,424.39,9.25,8.3
Armenia,ARM,2024/03/31,,425.03,,
Armenia,ARM,2024/06/30,,425.03,,
Armenia,ARM,2024/09/30,,425.03,,
Armenia,ARM,2024/12/31,0.27,425.03,7.0,5.9
Armenia,ARM,2025/03/31,,437.72,,
Armenia,ARM,2025/06/30,,437.72,,
Armenia,ARM,2025/09/30,,437.72,,
Armenia,ARM,2025/12/31,3.31,437.72,6.25,5.85
Armenia,ARM,2026/12/31,3.66,,,4.46
Armenia,ARM,2027/12/31,4.02,,,3.38
Aruba,ABW,2019/12/31,3.94,,1.0,-2.23
Aruba,ABW,2020/12/31,-1.31,,1.0,-26.21
Aruba,ABW,2021/12/31,0.74,,1.0,24.13
Aruba,ABW,2022/12/31,5.52,,1.0,8.52
Aruba,ABW,2023/03/31,,1.94,,
Aruba,ABW,2023/06/30,,1.94,,
Aruba,ABW,2023/09/30,,1.94,,
Aruba,ABW,2023/12/31,3.36,1.94,1.0,4.26
Aruba,ABW,2024/03/31,,1.94,,
Aruba,ABW,2024/06/30,,1.94,,
Aruba,ABW,2024/09/30,,1.94,,
Aruba,ABW,2024/12/31,1.71,1.94,1.0,6.84
Aruba,ABW,2025/03/31,,2.02,,
Aruba,ABW,2025/06/30,,2.02,,
Aruba,ABW,2025/09/30,,2.02,,
Aruba,ABW,2025/12/31,0.8,2.02,1.0,2.09
Aruba,ABW,2026/12/31,1.31,,,1.7
Aruba,ABW,2027/12/31,1.62,,,1.86
Australia,AUS,2019/12/31,1.57,,1.17,1.97
Australia,AUS,2020/12/31,0.89,,0.25,-2.04
Australia,AUS,2021/12/31,2.84,,0.03,5.36
Australia,AUS,2022/12/31,6.61,,1.23,4.21
Australia,AUS,2023/03/31,,1.57,,
Australia,AUS,2023/06/30,,1.63,,
Australia,AUS,2023/09/30,,1.66,,
Australia,AUS,2023/12/31,5.61,1.65,3.85,2.13
Australia,AUS,2024/03/31,,1.65,,
Australia,AUS,2024/06/30,,1.63,,
Australia,AUS,2024/09/30,,1.64,,
Australia,AUS,2024/12/31,3.16,1.63,4.33,1.03
Australia,AUS,2025/03/31,,1.68,,
Australia,AUS,2025/06/30,,1.77,,
Australia,AUS,2025/09/30,,1.79,,
Australia,AUS,2025/12/31,2.86,1.77,3.88,1.93
Australia,AUS,2026/12/31,3.65,,,2.45
Australia,AUS,2027/12/31,2.84,,,2.69
Austria,AUT,2019/12/31,1.55,,0.0,1.7
Austria,AUT,2020/12/31,1.45,,0.0,-6.38
Austria,AUT,2021/12/31,2.77,,0.0,5.01
Austria,AUT,2022/12/31,8.55,,0.58,5.43
Austria,AUT,2023/03/31,,13.76,,
Austria,AUT,2023/06/30,,13.76,,
Austria,AUT,2023/09/30,,13.76,,
Austria,AUT,2023/12/31,7.81,13.76,3.81,-0.68
Austria,AUT,2024/03/31,,13.76,,
Austria,AUT,2024/06/30,,13.76,,
Austria,AUT,2024/09/30,,13.76,,
Austria,AUT,2024/12/31,2.94,13.76,4.14,-0.83
Austria,AUT,2025/03/31,,13.76,,
Austria,AUT,2025/06/30,,13.76,,
Austria,AUT,2025/09/30,,13.76,,
Austria,AUT,2025/12/31,3.52,13.76,2.41,0.63
Austria,AUT,2026/12/31,1.96,,,0.96
Austria,AUT,2027/12/31,2.0,,,1.66
Azerbaijan,AZE,2019/12/31,2.62,,7.5,2.54
Azerbaijan,AZE,2020/12/31,2.76,,6.25,-3.66
Azerbaijan,AZE,2021/12/31,6.65,,7.25,4.82
Azerbaijan,AZE,2022/12/31,13.85,,8.25,4.93
Azerbaijan,AZE,2023/03/31,,1.84,,
Azerbaijan,AZE,2023/06/30,,1.84,,
Azerbaijan,AZE,2023/09/30,,1.84,,
Azerbaijan,AZE,2023/12/31,8.78,1.84,8.0,1.3
Azerbaijan,AZE,2024/03/31,,1.84,,
Azerbaijan,AZE,2024/06/30,,1.84,,
Azerbaijan,AZE,2024/09/30,,1.84,,
Azerbaijan,AZE,2024/12/31,2.21,1.84,7.25,4.08
Azerbaijan,AZE,2025/03/31,,1.92,,
Azerbaijan,AZE,2025/06/30,,1.92,,
Azerbaijan,AZE,2025/09/30,,1.92,,
Azerbaijan,AZE,2025/12/31,5.39,1.92,7.0,1.66
Azerbaijan,AZE,2026/12/31,4.63,,,3.0
Azerbaijan,AZE,2027/12/31,4.56,,,2.87
"Bahamas,  The",BHS,2019/12/31,2.49,,4.0,-0.84
"Bahamas,  The",BHS,2020/12/31,0.04,,4.0,-20.09
"Bahamas,  The",BHS,2021/12/31,2.9,,4.0,17.59
"Bahamas,  The",BHS,2022/12/31,5.61,,4.0,10.88
"Bahamas,  The",BHS,2023/03/31,,1.08,,
"Bahamas,  The",BHS,2023/06/30,,1.08,,
"Bahamas,  The",BHS,2023/09/30,,1.08,,
"Bahamas,  The",BHS,2023/12/31,3.05,1.08,4.0,3.05
"Bahamas,  The",BHS,2024/03/31,,1.08,,
"Bahamas,  The",BHS,2024/06/30,,1.08,,
"Bahamas,  The",BHS,2024/09/30,,1.08,,
"Bahamas,  The",BHS,2024/12/31,0.41,1.08,4.0,3.38
"Bahamas,  The",BHS,2025/03/31,,1.13,,
"Bahamas,  The",BHS,2025/06/30,,1.13,,
"Bahamas,  The",BHS,2025/09/30,,1.13,,
"Bahamas,  The",BHS,2025/12/31,0.78,1.13,4.0,3.03
"Bahamas,  The",BHS,2026/12/31,1.32,,,1.91
"Bahamas,  The",BHS,2027/12/31,1.53,,,1.1
Bahrain,BHR,2019/12/31,1.01,,2.6,2.05
Bahrain,BHR,2020/12/31,-2.32,,1.24,-5.91
Bahrain,BHR,2021/12/31,-0.61,,1.0,4.35
Bahrain,BHR,2022/12/31,3.63,,2.61,6.18
Bahrain,BHR,2023/03/31,,0.41,,
Bahrain,BHR,2023/06/30,,0.41,,
Bahrain,BHR,2023/09/30,,0.41,,
Bahrain,BHR,2023/12/31,0.07,0.41,5.95,3.88
Bahrain,BHR,2024/03/31,,0.41,,
Bahrain,BHR,2024/06/30,,0.41,,
Bahrain,BHR,2024/09/30,,0.41,,
Bahrain,BHR,2024/12/31,0.92,0.41,6.07,2.61
Bahrain,BHR,2025/03/31,,0.42,,
Bahrain,BHR,2025/06/30,,0.42,,
Bahrain,BHR,2025/09/30,,0.42,,
Bahrain,BHR,2025/12/31,0.1,0.42,5.12,2.1
Bahrain,BHR,2026/12/31,1.17,,,2.43
Bahrain,BHR,2027/12/31,1.28,,,2.11
Bangladesh,BGD,2019/12/31,5.59,,6.0,5.39
Bangladesh,BGD,2020/12/31,5.69,,5.23,4.94
Bangladesh,BGD,2021/12/31,5.55,,4.75,7.32
Bangladesh,BGD,2022/12/31,7.7,,5.21,6.54
Bangladesh,BGD,2023/03/31,,105.1,,
Bangladesh,BGD,2023/06/30,,109.33,,
Bangladesh,BGD,2023/09/30,,116.8,,
Bangladesh,BGD,2023/12/31,9.48,119.49,6.47,4.92
Bangladesh,BGD,2024/03/31,,119.3,,
Bangladesh,BGD,2024/06/30,,123.64,,
Bangladesh,BGD,2024/09/30,,128.46,,
Bangladesh,BGD,2024/12/31,10.34,129.42,8.71,4.02
Bangladesh,BGD,2025/03/31,,130.23,,
Bangladesh,BGD,2025/06/30,,133.19,,
Bangladesh,BGD,2025/09/30,,134.67,,
Bangladesh,BGD,2025/12/31,8.7,138.04,10.0,3.99
Bangladesh,BGD,2026/12/31,7.11,,,6.24
Bangladesh,BGD,2027/12/31,6.0,,,7.35
Barbados,BRB,2019/12/31,4.1,,7.0,0.65
Barbados,BRB,2020/12/31,2.87,,7.0,-15.05
Barbados,BRB,2021/12/31,3.1,,2.0,-0.25
Barbados,BRB,2022/12/31,9.45,,2.0,17.83
Barbados,BRB,2023/03/31,,2.16,,
Barbados,BRB,2023/06/30,,2.16,,
Barbados,BRB,2023/09/30,,2.16,,
Barbados,BRB,2023/12/31,9.79,2.16,2.0,4.09
Barbados,BRB,2024/03/31,,2.16,,
Barbados,BRB,2024/06/30,,2.16,,
Barbados,BRB,2024/09/30,,2.16,,
Barbados,BRB,2024/12/31,-0.44,2.16,2.0,4.13
Barbados,BRB,2025/03/31,,2.26,,
Barbados,BRB,2025/06/30,,2.26,,
Barbados,BRB,2025/09/30,,2.26,,
Barbados,BRB,2025/12/31,1.32,2.26,2.0,2.98
Barbados,BRB,2026/12/31,2.95,,,1.6
Barbados,BRB,2027/12/31,2.22,,,1.37
Belarus,BLR,2019/12/31,5.61,,9.75,1.44
Belarus,BLR,2020/12/31,5.54,,8.2,-0.68
Belarus,BLR,2021/12/31,9.45,,8.61,2.48
Belarus,BLR,2022/12/31,15.2,,11.54,-4.66
Belarus,BLR,2023/03/31,,3.25,,
Belarus,BLR,2023/06/30,,3.25,,
Belarus,BLR,2023/09/30,,3.25,,
Belarus,BLR,2023/12/31,5.0,3.25,10.13,3.98
Belarus,BLR,2024/03/31,,3.51,,
Belarus,BLR,2024/06/30,,3.51,,
Belarus,BLR,2024/09/30,,3.51,,
Belarus,BLR,2024/12/31,5.78,3.51,9.5,4.04
Belarus,BLR,2025/03/31,,3.7,,
Belarus,BLR,2025/06/30,,3.7,,
Belarus,BLR,2025/09/30,,3.7,,
Belarus,BLR,2025/12/31,6.27,3.7,9.5,2.72
Belarus,BLR,2026/12/31,5.87,,,2.02
Belarus,BLR,2027/12/31,4.03,,,1.39
Belgium,BEL,2019/12/31,1.44,,0.0,2.44
Belgium,BEL,2020/12/31,0.74,,0.0,-4.79
Belgium,BEL,2021/12/31,2.44,,0.0,6.25
Belgium,BEL,2022/12/31,9.6,,0.58,3.96
Belgium,BEL,2023/03/31,,40.34,,
Belgium,BEL,2023/06/30,,40.34,,
Belgium,BEL,2023/09/30,,40.34,,
Belgium,BEL,2023/12/31,4.05,40.34,3.81,1.71
Belgium,BEL,2024/03/31,,40.34,,
Belgium,BEL,2024/06/30,,40.34,,
Belgium,BEL,2024/09/30,,40.34,,
Belgium,BEL,2024/12/31,3.14,40.34,4.14,1.07
Belgium,BEL,2025/03/31,,40.34,,
Belgium,BEL,2025/06/30,,40.34,,
Belgium,BEL,2025/09/30,,40.34,,
Belgium,BEL,2025/12/31,2.47,40.34,2.41,1.0
Belgium,BEL,2026/12/31,1.36,,,1.23
Belgium,BEL,2027/12/31,1.86,,,1.63
Belize,BLZ,2019/12/31,0.18,,11.0,4.25
Belize,BLZ,2020/12/31,0.12,,11.0,-13.52
Belize,BLZ,2021/12/31,3.26,,11.0,17.99
Belize,BLZ,2022/12/31,6.27,,11.0,9.25
Belize,BLZ,2023/03/31,,2.16,,
Belize,BLZ,2023/06/30,,2.16,,
Belize,BLZ,2023/09/30,,2.16,,
Belize,BLZ,2023/12/31,4.4,2.16,11.0,0.5
Belize,BLZ,2024/03/31,,2.16,,
Belize,BLZ,2024/06/30,,2.16,,
Belize,BLZ,2024/09/30,,2.16,,
Belize,BLZ,2024/12/31,3.28,2.16,11.0,3.5
Belize,BLZ,2025/03/31,,2.26,,
Belize,BLZ,2025/06/30,,2.26,,
Belize,BLZ,2025/09/30,,2.26,,
Belize,BLZ,2025/12/31,1.26,2.26,11.0,1.49
Belize,BLZ,2026/12/31,1.92,,,2.24
Belize,BLZ,2027/12/31,1.91,,,2.5
Benin,BEN,2019/12/31,-0.92,,2.5,6.87
Benin,BEN,2020/12/31,3.03,,2.24,3.85
Benin,BEN,2021/12/31,1.73,,2.0,7.16
Benin,BEN,2022/12/31,1.37,,2.22,6.25
Benin,BEN,2023/03/31,,655.98,,
Benin,BEN,2023/06/30,,655.98,,
Benin,BEN,2023/09/30,,655.98,,
Benin,BEN,2023/12/31,2.71,655.98,3.03,6.35
Benin,BEN,2024/03/31,,656.22,,
Benin,BEN,2024/06/30,,656.22,,
Benin,BEN,2024/09/30,,656.22,,
Benin,BEN,2024/12/31,1.17,656.22,3.5,7.45
Benin,BEN,2025/03/31,,657.21,,
Benin,BEN,2025/06/30,,657.21,,
Benin,BEN,2025/09/30,,657.21,,
Benin,BEN,2025/12/31,1.33,657.21,3.38,6.74
Benin,BEN,2026/12/31,0.78,,,5.19
Benin,BEN,2027/12/31,0.98,,,4.55
Bermuda,BMU,2019/12/31,1.0,,,0.31
Bermuda,BMU,2020/12/31,0.0,,,-6.83
Bermuda,BMU,2021/12/31,1.5,,,4.61
Bermuda,BMU,2022/12/31,4.0,,,6.48
Bermuda,BMU,2023/03/31,,1.08,,
Bermuda,BMU,2023/06/30,,1.08,,
Bermuda,BMU,2023/09/30,,1.08,,
Bermuda,BMU,2023/12/31,3.3,1.08,,4.92
Bermuda,BMU,2024/03/31,,1.08,,
Bermuda,BMU,2024/06/30,,1.08,,
Bermuda,BMU,2024/09/30,,1.08,,
Bermuda,BMU,2024/12/31,1.82,1.08,,1.02
Bermuda,BMU,2025/03/31,,1.13,,
Bermuda,BMU,2025/06/30,,1.13,,
Bermuda,BMU,2025/09/30,,1.13,,
Bermuda,BMU,2025/12/31,2.26,1.13,,2.66
Bermuda,BMU,2026/12/31,3.86,,,1.96
Bermuda,BMU,2027/12/31,3.39,,,1.67
Bhutan,BHU,2019/12/31,2.73,,,5.76
Bhutan,BHU,2020/12/31,5.63,,,-10.22
Bhutan,BHU,2021/12/31,7.35,,,4.42
Bhutan,BHU,2022/12/31,5.64,,,5.21
Bhutan,BHU,2023/03/31,,89.32,,
Bhutan,BHU,2023/06/30,,89.32,,
Bhutan,BHU,2023/09/30,,89.32,,
Bhutan,BHU,2023/12/31,4.23,89.32,,4.88
Bhutan,BHU,2024/03/31,,90.55,,
Bhutan,BHU,2024/06/30,,90.55,,
Bhutan,BHU,2024/09/30,,90.55,,
Bhutan,BHU,2024/12/31,2.76,90.55,,5.4
Bhutan,BHU,2025/03/31,,98.44,,
Bhutan,BHU,2025/06/30,,98.44,,
Bhutan,BHU,2025/09/30,,98.44,,
Bhutan,BHU,2025/12/31,3.61,98.44,,7.83
Bhutan,BHU,2026/12/31,3.04,,,6.97
Bhutan,BHU,2027/12/31,4.31,,,5.73
Bolivia,BOL,2019/12/31,1.84,,3.0,2.26
Bolivia,BOL,2020/12/31,0.94,,2.0,-3.74
Bolivia,BOL,2021/12/31,0.74,,6.0,6.25
Bolivia,BOL,2022/12/31,1.75,,6.0,3.67
Bolivia,BOL,2023/03/31,,7.47,,
Bolivia,BOL,2023/06/30,,7.47,,
Bolivia,BOL,2023/09/30,,7.47,,
Bolivia,BOL,2023/12/31,2.58,7.47,5.5,3.03
Bolivia,BOL,2024/03/31,,7.48,,
Bolivia,BOL,2024/06/30,,7.48,,
Bolivia,BOL,2024/09/30,,7.48,,
Bolivia,BOL,2024/12/31,5.1,7.48,5.5,0.82
Bolivia,BOL,2025/03/31,,7.8,,
Bolivia,BOL,2025/06/30,,7.8,,
Bolivia,BOL,2025/09/30,,7.8,,
Bolivia,BOL,2025/12/31,20.88,7.8,5.0,-1.21
Bolivia,BOL,2026/12/31,19.26,,,-0.67
Bolivia,BOL,2027/12/31,6.35,,,5.06
Bosnia and Herzegovina,BIH,2019/12/31,0.56,,,2.83
Bosnia and Herzegovina,BIH,2020/12/31,-1.05,,,-2.88
Bosnia and Herzegovina,BIH,2021/12/31,1.98,,,7.08
Bosnia and Herzegovina,BIH,2022/12/31,14.02,,,3.75
Bosnia and Herzegovina,BIH,2023/03/31,,1.96,,
Bosnia and Herzegovina,BIH,2023/06/30,,1.96,,
Bosnia and Herzegovina,BIH,2023/09/30,,1.96,,
Bosnia and Herzegovina,BIH,2023/12/31,6.11,1.96,,1.85
Bosnia and Herzegovina,BIH,2024/03/31,,1.96,,
Bosnia and Herzegovina,BIH,2024/06/30,,1.96,,
Bosnia and Herzegovina,BIH,2024/09/30,,1.96,,
Bosnia and Herzegovina,BIH,2024/12/31,1.69,1.96,,2.53
Bosnia and Herzegovina,BIH,2025/03/31,,1.96,,
Bosnia and Herzegovina,BIH,2025/06/30,,1.96,,
Bosnia and Herzegovina,BIH,2025/09/30,,1.96,,
Bosnia and Herzegovina,BIH,2025/12/31,3.97,1.96,,1.39
Bosnia and Herzegovina,BIH,2026/12/31,1.74,,,2.6
Bosnia and Herzegovina,BIH,2027/12/31,1.78,,,3.21
Botswana,BWA,2019/12/31,2.79,,1.53,3.06
Botswana,BWA,2020/12/31,1.89,,1.15,-8.72
Botswana,BWA,2021/12/31,6.67,,1.05,11.89
Botswana,BWA,2022/12/31,12.18,,1.91,5.45
Botswana,BWA,2023/03/31,,14.99,,
Botswana,BWA,2023/06/30,,14.55,,
Botswana,BWA,2023/09/30,,14.65,,
Botswana,BWA,2023/12/31,5.14,14.61,2.64,3.17
Botswana,BWA,2024/03/31,,14.83,,
Botswana,BWA,2024/06/30,,14.7,,
Botswana,BWA,2024/09/30,,14.74,,
Botswana,BWA,2024/12/31,2.85,14.44,2.18,-2.79
Botswana,BWA,2025/03/31,,14.55,,
Botswana,BWA,2025/06/30,,15.4,,
Botswana,BWA,2025/09/30,,15.58,,
Botswana,BWA,2025/12/31,2.65,15.43,2.17,-0.42
Botswana,BWA,2026/12/31,3.91,,,1.17
Botswana,BWA,2027/12/31,3.7,,,1.98
Brazil,BRA,2019/12/31,3.73,,6.04,1.22
Brazil,BRA,2020/12/31,3.21,,2.89,-3.57
Brazil,BRA,2021/12/31,8.3,,4.53,5.1
Brazil,BRA,2022/12/31,9.28,,12.54,3.12
Brazil,BRA,2023/03/31,,5.57,,
Brazil,BRA,2023/06/30,,5.38,,
Brazil,BRA,2023/09/30,,5.32,,
Brazil,BRA,2023/12/31,4.59,5.33,13.3,3.25
Brazil,BRA,2024/03/31,,5.38,,
Brazil,BRA,2024/06/30,,5.61,,
Brazil,BRA,2024/09/30,,6.09,,
Brazil,BRA,2024/12/31,4.37,6.25,10.94,2.98
Brazil,BRA,2025/03/31,,6.16,,
Brazil,BRA,2025/06/30,,6.42,,
Brazil,BRA,2025/09/30,,6.37,,
Brazil,BRA,2025/12/31,5.02,6.28,14.4,2.73
Brazil,BRA,2026/12/31,3.75,,,1.73
Brazil,BRA,2027/12/31,3.28,,,1.92
Brunei,BRN,2019/12/31,-0.29,,0.37,3.87
Brunei,BRN,2020/12/31,1.94,,0.23,1.13
Brunei,BRN,2021/12/31,1.74,,0.14,-1.59
Brunei,BRN,2022/12/31,3.68,,0.14,-1.63
Brunei,BRN,2023/03/31,,1.45,,
Brunei,BRN,2023/06/30,,1.45,,
Brunei,BRN,2023/09/30,,1.45,,
Brunei,BRN,2023/12/31,0.36,1.45,0.19,1.13
Brunei,BRN,2024/03/31,,1.45,,
Brunei,BRN,2024/06/30,,1.45,,
Brunei,BRN,2024/09/30,,1.45,,
Brunei,BRN,2024/12/31,-0.39,1.45,0.39,4.05
Brunei,BRN,2025/03/31,,1.49,,
Brunei,BRN,2025/06/30,,1.49,,
Brunei,BRN,2025/09/30,,1.49,,
Brunei,BRN,2025/12/31,-0.32,1.49,0.32,0.49
Brunei,BRN,2026/12/31,0.43,,,2.82
Brunei,BRN,2027/12/31,0.82,,,1.42
Bulgaria,BGR,2019/12/31,3.1,,0.0,3.84
Bulgaria,BGR,2020/12/31,1.67,,0.0,-2.98
Bulgaria,BGR,2021/12/31,3.3,,0.0,7.38
Bulgaria,BGR,2022/12/31,15.33,,0.58,4.17
Bulgaria,BGR,2023/03/31,,1.96,,
Bulgaria,BGR,2023/06/30,,1.96,,
Bulgaria,BGR,2023/09/30,,1.96,,
Bulgaria,BGR,2023/12/31,9.46,1.96,3.81,1.7
Bulgaria,BGR,2024/03/31,,1.96,,
Bulgaria,BGR,2024/06/30,,1.96,,
Bulgaria,BGR,2024/09/30,,1.96,,
Bulgaria,BGR,2024/12/31,2.42,1.96,4.14,3.18
Bulgaria,BGR,2025/03/31,,1.96,,
Bulgaria,BGR,2025/06/30,,1.96,,
Bulgaria,BGR,2025/09/30,,1.96,,
Bulgaria,BGR,2025/12/31,4.58,1.96,2.41,3.28
Bulgaria,BGR,2026/12/31,3.58,,,3.21
Bulgaria,BGR,2027/12/31,3.0,,,2.94
Burkina Faso,BFA,2019/12/31,-3.17,,2.5,5.89
Burkina Faso,BFA,2020/12/31,1.87,,2.24,2.01
Burkina Faso,BFA,2021/12/31,3.85,,2.0,6.94
Burkina Faso,BFA,2022/12/31,14.06,,2.22,1.5
Burkina Faso,BFA,2023/03/31,,655.89,,
Burkina Faso,BFA,2023/06/30,,655.89,,
Burkina Faso,BFA,2023/09/30,,655.89,,
Burkina Faso,BFA,2023/12/31,0.75,655.89,3.03,2.96
Burkina Faso,BFA,2024/03/31,,656.22,,
Burkina Faso,BFA,2024/06/30,,656.22,,
Burkina Faso,BFA,2024/09/30,,656.22,,
Burkina Faso,BFA,2024/12/31,4.19,656.22,3.5,3.77
Burkina Faso,BFA,2025/03/31,,657.11,,
Burkina Faso,BFA,2025/06/30,,657.11,,
Burkina Faso,BFA,2025/09/30,,657.11,,
Burkina Faso,BFA,2025/12/31,0.89,657.11,3.25,3.74
Burkina Faso,BFA,2026/12/31,1.83,,,3.46
Burkina Faso,BFA,2027/12/31,1.63,,,3.4
Burundi,BDI,2019/12/31,-0.69,,5.43,1.84
Burundi,BDI,2020/12/31,7.32,,6.22,0.34
Burundi,BDI,2021/12/31,8.4,,6.75,3.12
Burundi,BDI,2022/12/31,18.8,,6.55,1.83
Burundi,BDI,2023/03/31,,2783.34,,
Burundi,BDI,2023/06/30,,2783.34,,
Burundi,BDI,2023/09/30,,2783.34,,
Burundi,BDI,2023/12/31,26.94,2783.34,9.46,2.66
Burundi,BDI,2024/03/31,,3122.55,,
Burundi,BDI,2024/06/30,,3122.55,,
Burundi,BDI,2024/09/30,,3122.55,,
Burundi,BDI,2024/12/31,20.21,3122.55,12.0,3.5
Burundi,BDI,2025/03/31,,3335.55,,
Burundi,BDI,2025/06/30,,3335.55,,
Burundi,BDI,2025/09/30,,3335.55,,
Burundi,BDI,2025/12/31,36.96,3335.55,12.0,3.72
Burundi,BDI,2026/12/31,17.75,,,3.74
Burundi,BDI,2027/12/31,13.5,,,3.75
Cambodia,KHM,2019/12/31,1.94,,1.4,7.94
Cambodia,KHM,2020/12/31,2.94,,1.5,-3.56
Cambodia,KHM,2021/12/31,2.92,,1.4,3.09
Cambodia,KHM,2022/12/31,5.34,,1.5,5.13
Cambodia,KHM,2023/03/31,,4444.87,,
Cambodia,KHM,2023/06/30,,4444.87,,
Cambodia,KHM,2023/09/30,,4444.87,,
Cambodia,KHM,2023/12/31,2.13,4444.87,1.5,5.01
Cambodia,KHM,2024/03/31,,4407.34,,
Cambodia,KHM,2024/06/30,,4407.34,,
Cambodia,KHM,2024/09/30,,4407.34,,
Cambodia,KHM,2024/12/31,0.79,4407.34,1.5,6.05
Cambodia,KHM,2025/03/31,,4532.36,,
Cambodia,KHM,2025/06/30,,4532.36,,
Cambodia,KHM,2025/09/30,,4532.36,,
Cambodia,KHM,2025/12/31,2.53,4532.36,1.6,4.97
Cambodia,KHM,2026/12/31,2.4,,,4.28
Cambodia,KHM,2027/12/31,2.88,,,5.36
Cameroon,CMR,2019/12/31,2.44,,3.5,3.48
Cameroon,CMR,2020/12/31,2.45,,3.29,0.26
Cameroon,CMR,2021/12/31,2.27,,3.29,3.34
Cameroon,CMR,2022/12/31,6.24,,4.08,3.74
Cameroon,CMR,2023/03/31,,655.89,,
Cameroon,CMR,2023/06/30,,655.89,,
Cameroon,CMR,2023/09/30,,655.89,,
Cameroon,CMR,2023/12/31,7.39,655.89,4.92,3.35
Cameroon,CMR,2024/03/31,,656.03,,
Cameroon,CMR,2024/06/30,,656.03,,
Cameroon,CMR,2024/09/30,,656.03,,
Cameroon,CMR,2024/12/31,4.5,656.03,5.0,3.52
Cameroon,CMR,2025/03/31,,657.11,,
Cameroon,CMR,2025/06/30,,657.11,,
Cameroon,CMR,2025/09/30,,657.11,,
Cameroon,CMR,2025/12/31,3.43,657.11,4.88,3.76
Cameroon,CMR,2026/12/31,2.99,,,3.49
Cameroon,CMR,2027/12/31,2.13,,,3.44
Canada,CAN,2019/12/31,1.96,,1.75,1.91
Canada,CAN,2020/12/31,0.72,,0.56,-5.04
Canada,CAN,2021/12/31,3.4,,0.25,5.95
Canada,CAN,2022/12/31,6.78,,1.93,4.7
Canada,CAN,2023/03/31,,1.45,,
Canada,CAN,2023/06/30,,1.46,,
Canada,CAN,2023/09/30,,1.46,,
Canada,CAN,2023/12/31,3.89,1.46,4.74,1.95
Canada,CAN,2024/03/31,,1.46,,
Canada,CAN,2024/06/30,,1.47,,
Canada,CAN,2024/09/30,,1.5,,
Canada,CAN,2024/12/31,2.4,1.49,4.55,2.05
Canada,CAN,2025/03/31,,1.51,,
Canada,CAN,2025/06/30,,1.57,,
Canada,CAN,2025/09/30,,1.61,,
Canada,CAN,2025/12/31,2.08,1.62,2.71,1.66
Canada,CAN,2026/12/31,2.39,,,1.11
Canada,CAN,2027/12/31,2.02,,,2.06
Cape Verde,CPV,2019/12/31,1.11,,,6.95
Cape Verde,CPV,2020/12/31,0.61,,,-20.81
Cape Verde,CPV,2021/12/31,1.86,,,7.03
Cape Verde,CPV,2022/12/31,7.93,,,15.84
Cape Verde,CPV,2023/03/31,,110.08,,
Cape Verde,CPV,2023/06/30,,110.08,,
Cape Verde,CPV,2023/09/30,,110.08,,
Cape Verde,CPV,2023/12/31,3.72,110.08,,5.39
Cape Verde,CPV,2024/03/31,,110.3,,
Cape Verde,CPV,2024/06/30,,110.3,,
Cape Verde,CPV,2024/09/30,,110.3,,
Cape Verde,CPV,2024/12/31,1.05,110.3,,7.27
Cape Verde,CPV,2025/03/31,,110.52,,
Cape Verde,CPV,2025/06/30,,110.52,,
Cape Verde,CPV,2025/09/30,,110.52,,
Cape Verde,CPV,2025/12/31,2.34,110.52,,5.15
Cape Verde,CPV,2026/12/31,2.01,,,3.71
Cape Verde,CPV,2027/12/31,1.94,,,3.62
Cayman Islands,CYM,2019/12/31,5.7,,,3.92
Cayman Islands,CYM,2020/12/31,1.0,,,-4.95
Cayman Islands,CYM,2021/12/31,3.3,,,4.9
Cayman Islands,CYM,2022/12/31,9.6,,,5.16
Cayman Islands,CYM,2023/03/31,,0.9,,
Cayman Islands,CYM,2023/06/30,,0.9,,
Cayman Islands,CYM,2023/09/30,,0.9,,
Cayman Islands,CYM,2023/12/31,2.6,0.9,,4.17
Cayman Islands,CYM,2024/03/31,,0.9,,
Cayman Islands,CYM,2024/06/30,,0.9,,
Cayman Islands,CYM,2024/09/30,,0.9,,
Cayman Islands,CYM,2024/12/31,3.6,0.9,,2.13
Cayman Islands,CYM,2025/03/31,,0.94,,
Cayman Islands,CYM,2025/06/30,,0.94,,
Cayman Islands,CYM,2025/09/30,,0.94,,
Cayman Islands,CYM,2025/12/31,2.91,0.94,,1.59
Cayman Islands,CYM,2026/12/31,2.04,,,2.19
Cayman Islands,CYM,2027/12/31,2.0,,,2.19
Central African Republic,CAF,2019/12/31,2.69,,3.5,3.1
Central African Republic,CAF,2020/12/31,1.71,,3.29,0.9
Central African Republic,CAF,2021/12/31,4.26,,3.29,0.98
Central African Republic,CAF,2022/12/31,5.58,,4.08,0.5
Central African Republic,CAF,2023/03/31,,655.89,,
Central African Republic,CAF,2023/06/30,,655.89,,
Central African Republic,CAF,2023/09/30,,655.89,,
Central African Republic,CAF,2023/12/31,2.98,655.89,4.92,0.87
Central African Republic,CAF,2024/03/31,,656.22,,
Central African Republic,CAF,2024/06/30,,656.22,,
Central African Republic,CAF,2024/09/30,,656.22,,
Central African Republic,CAF,2024/12/31,1.48,656.22,5.0,1.47
Central African Republic,CAF,2025/03/31,,657.11,,
Central African Republic,CAF,2025/06/30,,657.11,,
Central African Republic,CAF,2025/09/30,,657.11,,
Central African Republic,CAF,2025/12/31,1.5,657.11,4.58,2.38
Central African Republic,CAF,2026/12/31,1.44,,,2.82
Central African Republic,CAF,2027/12/31,1.28,,,3.25
Chad,TCD,2019/12/31,-0.97,,3.5,5.39
Chad,TCD,2020/12/31,4.46,,3.29,-0.41
Chad,TCD,2021/12/31,-0.77,,3.29,0.29
Chad,TCD,2022/12/31,5.79,,4.08,12.9
Chad,TCD,2023/03/31,,655.89,,
Chad,TCD,2023/06/30,,655.89,,
Chad,TCD,2023/09/30,,655.89,,
Chad,TCD,2023/12/31,10.84,655.89,4.92,4.12
Chad,TCD,2024/03/31,,656.05,,
Chad,TCD,2024/06/30,,656.05,,
Chad,TCD,2024/09/30,,656.05,,
Chad,TCD,2024/12/31,8.9,656.05,5.0,3.65
Chad,TCD,2025/03/31,,657.11,,
Chad,TCD,2025/06/30,,657.11,,
Chad,TCD,2025/09/30,,657.11,,
Chad,TCD,2025/12/31,1.1,657.11,4.75,3.13
Chad,TCD,2026/12/31,4.19,,,3.13
Chad,TCD,2027/12/31,2.09,,,3.32
Chile,CHL,2019/12/31,2.25,,2.49,0.54
Chile,CHL,2020/12/31,3.05,,0.78,-6.4
Chile,CHL,2021/12/31,4.52,,1.2,11.55
Chile,CHL,2022/12/31,11.64,,8.55,2.17
Chile,CHL,2023/03/31,,870.6,,
Chile,CHL,2023/06/30,,871.8,,
Chile,CHL,2023/09/30,,926.43,,
Chile,CHL,2023/12/31,7.34,963.16,10.48,0.63
Chile,CHL,2024/03/31,,1027.65,,
Chile,CHL,2024/06/30,,1006.41,,
Chile,CHL,2024/09/30,,1022.81,,
Chile,CHL,2024/12/31,3.93,1028.16,6.21,2.43
Chile,CHL,2025/03/31,,1013.73,,
Chile,CHL,2025/06/30,,1073.72,,
Chile,CHL,2025/09/30,,1120.67,,
Chile,CHL,2025/12/31,4.21,1088.12,4.9,2.52
Chile,CHL,2026/12/31,2.71,,,2.34
Chile,CHL,2027/12/31,3.13,,,2.18
China,CHN,2019/12/31,2.9,,2.54,6.09
China,CHN,2020/12/31,2.49,,2.26,2.31
China,CHN,2021/12/31,0.91,,2.2,8.59
China,CHN,2022/12/31,1.96,,2.07,3.13
China,CHN,2023/03/31,,7.34,,
China,CHN,2023/06/30,,7.64,,
China,CHN,2023/09/30,,7.89,,
China,CHN,2023/12/31,0.24,7.77,1.91,5.42
China,CHN,2024/03/31,,7.8,,
China,CHN,2024/06/30,,7.8,,
China,CHN,2024/09/30,,7.87,,
China,CHN,2024/12/31,0.24,7.68,1.7,4.96
China,CHN,2025/03/31,,7.65,,
China,CHN,2025/06/30,,8.2,,
China,CHN,2025/09/30,,8.36,,
China,CHN,2025/12/31,0.05,8.25,1.44,4.96
China,CHN,2026/12/31,0.93,,,4.73
China,CHN,2027/12/31,1.43,,,4.38
Colombia,COL,2019/12/31,3.52,,4.25,3.19
Colombia,COL,2020/12/31,2.53,,2.87,-7.19
Colombia,COL,2021/12/31,3.5,,1.91,10.8
Colombia,COL,2022/12/31,10.18,,7.19,7.33
Colombia,COL,2023/03/31,,5106.04,,
Colombia,COL,2023/06/30,,4818.89,,
Colombia,COL,2023/09/30,,4405.61,,
Colombia,COL,2023/12/31,11.74,4376.95,13.04,0.71
Colombia,COL,2024/03/31,,4256.55,,
Colombia,COL,2024/06/30,,4229.98,,
Colombia,COL,2024/09/30,,4500.15,,
Colombia,COL,2024/12/31,6.61,4648.21,11.39,1.6
Colombia,COL,2025/03/31,,4407.81,,
Colombia,COL,2025/06/30,,4758.97,,
Colombia,COL,2025/09/30,,4681.35,,
Colombia,COL,2025/12/31,5.14,4442.98,9.33,2.87
Colombia,COL,2026/12/31,5.81,,,3.5
Colombia,COL,2027/12/31,4.61,,,2.28
Comoros,COM,2019/12/31,3.7,,,3.63
Comoros,COM,2020/12/31,0.8,,,4.01
Comoros,COM,2021/12/31,-0.01,,,2.73
Comoros,COM,2022/12/31,12.44,,,2.82
Comoros,COM,2023/03/31,,491.98,,
Comoros,COM,2023/06/30,,491.98,,
Comoros,COM,2023/09/30,,491.98,,
Comoros,COM,2023/12/31,8.48,491.98,,3.06
Comoros,COM,2024/03/31,,491.91,,
Comoros,COM,2024/06/30,,491.91,,
Comoros,COM,2024/09/30,,491.91,,
Comoros,COM,2024/12/31,5.05,491.91,,3.39
Comoros,COM,2025/03/31,,492.91,,
Comoros,COM,2025/06/30,,492.91,,
Comoros,COM,2025/09/30,,492.91,,
Comoros,COM,2025/12/31,3.99,492.91,,3.73
Comoros,COM,2026/12/31,3.39,,,3.72
Comoros,COM,2027/12/31,2.58,,,3.44
"Congo, Dem. Rep.",ZAR,2019/12/31,4.7,,9.0,4.38
"Congo, Dem. Rep.",ZAR,2020/12/31,11.36,,13.66,1.74
"Congo, Dem. Rep.",ZAR,2021/12/31,8.99,,11.91,6.2
"Congo, Dem. Rep.",ZAR,2022/12/31,9.27,,7.61,8.92
"Congo, Dem. Rep.",ZAR,2023/03/31,,2530.3,,
"Congo, Dem. Rep.",ZAR,2023/06/30,,2530.3,,
"Congo, Dem. Rep.",ZAR,2023/09/30,,2530.3,,
"Congo, Dem. Rep.",ZAR,2023/12/31,19.89,2530.3,15.51,8.61
"Congo, Dem. Rep.",ZAR,2024/03/31,,3041.13,,
"Congo, Dem. Rep.",ZAR,2024/06/30,,3041.13,,
"Congo, Dem. Rep.",ZAR,2024/09/30,,3041.13,,
"Congo, Dem. Rep.",ZAR,2024/12/31,17.65,3041.13,25.0,6.68
"Congo, Dem. Rep.",ZAR,2025/03/31,,3050.0,,
"Congo, Dem. Rep.",ZAR,2025/06/30,,3050.0,,
"Congo, Dem. Rep.",ZAR,2025/09/30,,3050.0,,
"Congo, Dem. Rep.",ZAR,2025/12/31,7.37,3050.0,23.13,5.48
"Congo, Dem. Rep.",ZAR,2026/12/31,0.18,,,4.47
"Congo, Dem. Rep.",ZAR,2027/12/31,11.55,,,4.3
"Congo, Rep.",COG,2019/12/31,2.21,,3.5,-0.1
"Congo, Rep.",COG,2020/12/31,1.36,,3.29,-6.27
"Congo, Rep.",COG,2021/12/31,1.97,,3.29,2.29
"Congo, Rep.",COG,2022/12/31,3.04,,4.08,1.8
"Congo, Rep.",COG,2023/03/31,,655.99,,
"Congo, Rep.",COG,2023/06/30,,655.99,,
"Congo, Rep.",COG,2023/09/30,,655.99,,
"Congo, Rep.",COG,2023/12/31,4.3,655.99,4.92,1.98
"Congo, Rep.",COG,2024/03/31,,656.03,,
"Congo, Rep.",COG,2024/06/30,,656.03,,
"Congo, Rep.",COG,2024/09/30,,656.03,,
"Congo, Rep.",COG,2024/12/31,3.06,656.03,5.0,2.59
"Congo, Rep.",COG,2025/03/31,,655.99,,
"Congo, Rep.",COG,2025/06/30,,655.99,,
"Congo, Rep.",COG,2025/09/30,,655.99,,
"Congo, Rep.",COG,2025/12/31,3.17,655.99,4.75,2.96
"Congo, Rep.",COG,2026/12/31,2.52,,,2.86
"Congo, Rep.",COG,2027/12/31,2.43,,,3.12
Costa Rica,CRI,2019/12/31,2.1,,2.75,2.42
Costa Rica,CRI,2020/12/31,0.72,,0.75,-4.27
Costa Rica,CRI,2021/12/31,1.73,,1.25,7.94
Costa Rica,CRI,2022/12/31,8.27,,9.0,4.55
Costa Rica,CRI,2023/03/31,,584.66,,
Costa Rica,CRI,2023/06/30,,584.66,,
Costa Rica,CRI,2023/09/30,,584.66,,
Costa Rica,CRI,2023/12/31,0.53,584.66,6.0,5.11
Costa Rica,CRI,2024/03/31,,554.08,,
Costa Rica,CRI,2024/06/30,,554.08,,
Costa Rica,CRI,2024/09/30,,554.08,,
Costa Rica,CRI,2024/12/31,-0.41,554.08,4.0,4.32
Costa Rica,CRI,2025/03/31,,566.59,,
Costa Rica,CRI,2025/06/30,,566.59,,
Costa Rica,CRI,2025/09/30,,566.59,,
Costa Rica,CRI,2025/12/31,0.1,566.59,3.5,4.15
Costa Rica,CRI,2026/12/31,1.38,,,3.39
Costa Rica,CRI,2027/12/31,1.66,,,3.76
Cote d'Ivoire,CIV,2019/12/31,0.8,,2.5,6.72
Cote d'Ivoire,CIV,2020/12/31,2.41,,2.24,0.7
Cote d'Ivoire,CIV,2021/12/31,4.18,,2.0,7.06
Cote d'Ivoire,CIV,2022/12/31,5.21,,2.22,6.4
Cote d'Ivoire,CIV,2023/03/31,,655.89,,
Cote d'Ivoire,CIV,2023/06/30,,655.89,,
Cote d'Ivoire,CIV,2023/09/30,,655.89,,
Cote d'Ivoire,CIV,2023/12/31,4.37,655.89,3.03,6.45
Cote d'Ivoire,CIV,2024/03/31,,656.22,,
Cote d'Ivoire,CIV,2024/06/30,,656.22,,
Cote d'Ivoire,CIV,2024/09/30,,656.22,,
Cote d'Ivoire,CIV,2024/12/31,3.46,656.22,3.5,5.95
Cote d'Ivoire,CIV,2025/03/31,,657.11,,
Cote d'Ivoire,CIV,2025/06/30,,657.11,,
Cote d'Ivoire,CIV,2025/09/30,,657.11,,
Cote d'Ivoire,CIV,2025/12/31,0.29,657.11,3.38,6.01
Cote d'Ivoire,CIV,2026/12/31,1.85,,,5.52
Cote d'Ivoire,CIV,2027/12/31,1.71,,,5.05
Croatia,HRV,2019/12/31,0.77,,0.0,3.16
Croatia,HRV,2020/12/31,0.15,,0.0,-7.93
Croatia,HRV,2021/12/31,2.55,,0.0,12.16
Croatia,HRV,2022/12/31,10.78,,0.58,7.24
Croatia,HRV,2023/03/31,,7.53,,
Croatia,HRV,2023/06/30,,7.53,,
Croatia,HRV,2023/09/30,,7.53,,
Croatia,HRV,2023/12/31,7.94,7.53,3.81,3.73
Croatia,HRV,2024/03/31,,7.53,,
Croatia,HRV,2024/06/30,,7.53,,
Croatia,HRV,2024/09/30,,7.53,,
Croatia,HRV,2024/12/31,2.97,7.53,4.14,3.82
Croatia,HRV,2025/03/31,,7.53,,
Croatia,HRV,2025/06/30,,7.53,,
Croatia,HRV,2025/09/30,,7.53,,
Croatia,HRV,2025/12/31,3.7,7.53,2.41,3.04
Croatia,HRV,2026/12/31,2.75,,,2.96
Croatia,HRV,2027/12/31,2.18,,,2.6
Cuba,CUB,2019/12/31,3.55,,,-0.16
Cuba,CUB,2020/12/31,18.51,,,-10.95
Cuba,CUB,2021/12/31,71.17,,,1.25
Cuba,CUB,2022/12/31,31.15,,,1.77
Cuba,CUB,2023/03/31,,25.95,,
Cuba,CUB,2023/06/30,,25.95,,
Cuba,CUB,2023/09/30,,25.95,,
Cuba,CUB,2023/12/31,39.89,25.95,,-1.93
Cuba,CUB,2024/03/31,,25.97,,
Cuba,CUB,2024/06/30,,25.97,,
Cuba,CUB,2024/09/30,,25.97,,
Cuba,CUB,2024/12/31,29.9,25.97,,-1.15
Cuba,CUB,2025/03/31,,27.11,,
Cuba,CUB,2025/06/30,,27.11,,
Cuba,CUB,2025/09/30,,27.11,,
Cuba,CUB,2025/12/31,16.92,27.11,,-2.29
Cuba,CUB,2026/12/31,11.37,,,0.31
Cuba,CUB,2027/12/31,4.02,,,3.51
Curacao,CUR,2019/12/31,2.62,,,-3.21
Curacao,CUR,2020/12/31,1.65,,,-18.44
Curacao,CUR,2021/12/31,4.06,,,4.18
Curacao,CUR,2022/12/31,7.24,,,6.91
Curacao,CUR,2023/03/31,,1.94,,
Curacao,CUR,2023/06/30,,1.94,,
Curacao,CUR,2023/09/30,,1.94,,
Curacao,CUR,2023/12/31,3.56,1.94,,4.2
Curacao,CUR,2024/03/31,,1.94,,
Curacao,CUR,2024/06/30,,1.94,,
Curacao,CUR,2024/09/30,,1.94,,
Curacao,CUR,2024/12/31,2.7,1.94,,5.06
Curacao,CUR,2025/03/31,,2.02,,
Curacao,CUR,2025/06/30,,2.02,,
Curacao,CUR,2025/09/30,,2.02,,
Curacao,CUR,2025/12/31,2.53,2.02,,4.07
Curacao,CUR,2026/12/31,2.52,,,2.37
Curacao,CUR,2027/12/31,2.1,,,2.18
Cyprus,CYP,2019/12/31,0.55,,0.0,5.88
Cyprus,CYP,2020/12/31,-1.11,,0.0,-3.22
Cyprus,CYP,2021/12/31,2.26,,0.0,11.39
Cyprus,CYP,2022/12/31,8.1,,0.58,8.28
Cyprus,CYP,2023/03/31,,0.58,,
Cyprus,CYP,2023/06/30,,0.58,,
Cyprus,CYP,2023/09/30,,0.58,,
Cyprus,CYP,2023/12/31,3.93,0.58,3.81,3.62
Cyprus,CYP,2024/03/31,,0.58,,
Cyprus,CYP,2024/06/30,,0.58,,
Cyprus,CYP,2024/09/30,,0.58,,
Cyprus,CYP,2024/12/31,2.26,0.58,4.14,3.94
Cyprus,CYP,2025/03/31,,0.58,,
Cyprus,CYP,2025/06/30,,0.58,,
Cyprus,CYP,2025/09/30,,0.58,,
Cyprus,CYP,2025/12/31,0.83,0.58,2.41,3.48
Cyprus,CYP,2026/12/31,1.55,,,2.54
Cyprus,CYP,2027/12/31,1.95,,,2.36
Czech Republic,CZE,2019/12/31,2.87,,1.92,3.51
Czech Republic,CZE,2020/12/31,3.15,,0.78,-5.32
Czech Republic,CZE,2021/12/31,3.86,,0.89,3.97
Czech Republic,CZE,2022/12/31,15.11,,5.95,2.85
Czech Republic,CZE,2023/03/31,,23.78,,
Czech Republic,CZE,2023/06/30,,23.58,,
Czech Republic,CZE,2023/09/30,,24.13,,
Czech Republic,CZE,2023/12/31,10.62,24.52,6.99,0.17
Czech Republic,CZE,2024/03/31,,25.08,,
Czech Republic,CZE,2024/06/30,,24.96,,
Czech Republic,CZE,2024/09/30,,25.19,,
Czech Republic,CZE,2024/12/31,2.43,25.24,5.13,1.13
Czech Republic,CZE,2025/03/31,,25.08,,
Czech Republic,CZE,2025/06/30,,24.92,,
Czech Republic,CZE,2025/09/30,,24.5,,
Czech Republic,CZE,2025/12/31,2.45,24.27,3.62,2.53
Czech Republic,CZE,2026/12/31,1.75,,,2.26
Czech Republic,CZE,2027/12/31,2.09,,,2.4
Denmark,DNK,2019/12/31,0.76,,0.0,1.71
Denmark,DNK,2020/12/31,0.42,,0.0,-1.78
Denmark,DNK,2021/12/31,1.85,,0.0,6.5
Denmark,DNK,2022/12/31,7.7,,0.33,0.44
Denmark,DNK,2023/03/31,,7.44,,
Denmark,DNK,2023/06/30,,7.45,,
Denmark,DNK,2023/09/30,,7.45,,
Denmark,DNK,2023/12/31,3.31,7.46,2.94,0.6
Denmark,DNK,2024/03/31,,7.46,,
Denmark,DNK,2024/06/30,,7.46,,
Denmark,DNK,2024/09/30,,7.46,,
Denmark,DNK,2024/12/31,1.37,7.46,3.32,3.48
Denmark,DNK,2025/03/31,,7.46,,
Denmark,DNK,2025/06/30,,7.46,,
Denmark,DNK,2025/09/30,,7.46,,
Denmark,DNK,2025/12/31,1.89,7.47,1.85,2.36
Denmark,DNK,2026/12/31,1.36,,,0.65
Denmark,DNK,2027/12/31,1.47,,,2.0
Djibouti,DJI,2019/12/31,3.32,,,5.55
Djibouti,DJI,2020/12/31,1.78,,,1.2
Djibouti,DJI,2021/12/31,1.18,,,4.41
Djibouti,DJI,2022/12/31,5.18,,,5.17
Djibouti,DJI,2023/03/31,,192.17,,
Djibouti,DJI,2023/06/30,,192.17,,
Djibouti,DJI,2023/09/30,,192.17,,
Djibouti,DJI,2023/12/31,1.5,192.17,,7.37
Djibouti,DJI,2024/03/31,,192.34,,
Djibouti,DJI,2024/06/30,,192.34,,
Djibouti,DJI,2024/09/30,,192.34,,
Djibouti,DJI,2024/12/31,2.08,192.34,,5.95
Djibouti,DJI,2025/03/31,,200.72,,
Djibouti,DJI,2025/06/30,,200.72,,
Djibouti,DJI,2025/09/30,,200.72,,
Djibouti,DJI,2025/12/31,-0.6,200.72,,5.66
Djibouti,DJI,2026/12/31,1.29,,,4.96
Djibouti,DJI,2027/12/31,2.05,,,4.34
Dominica,DMA,2019/12/31,1.5,,,5.5
Dominica,DMA,2020/12/31,1.22,,,-16.06
Dominica,DMA,2021/12/31,2.23,,,6.19
Dominica,DMA,2022/12/31,2.88,,,5.94
Dominica,DMA,2023/03/31,,2.92,,
Dominica,DMA,2023/06/30,,2.92,,
Dominica,DMA,2023/09/30,,2.92,,
Dominica,DMA,2023/12/31,5.09,2.92,,3.01
Dominica,DMA,2024/03/31,,2.92,,
Dominica,DMA,2024/06/30,,2.92,,
Dominica,DMA,2024/09/30,,2.92,,
Dominica,DMA,2024/12/31,2.57,2.92,,4.37
Dominica,DMA,2025/03/31,,3.05,,
Dominica,DMA,2025/06/30,,3.05,,
Dominica,DMA,2025/09/30,,3.05,,
Dominica,DMA,2025/12/31,2.1,3.05,,3.57
Dominica,DMA,2026/12/31,2.08,,,2.55
Dominica,DMA,2027/12/31,1.98,,,2.32
Dominican Republic,DOM,2019/12/31,1.81,,4.5,4.87
Dominican Republic,DOM,2020/12/31,3.78,,3.0,-7.94
Dominican Republic,DOM,2021/12/31,8.24,,3.5,14.0
Dominican Republic,DOM,2022/12/31,8.81,,8.5,5.27
Dominican Republic,DOM,2023/03/31,,60.72,,
Dominican Republic,DOM,2023/06/30,,60.72,,
Dominican Republic,DOM,2023/09/30,,60.72,,
Dominican Republic,DOM,2023/12/31,4.79,60.72,7.0,2.18
Dominican Republic,DOM,2024/03/31,,64.12,,
Dominican Republic,DOM,2024/06/30,,64.12,,
Dominican Republic,DOM,2024/09/30,,64.12,,
Dominican Republic,DOM,2024/12/31,3.3,64.12,6.0,4.99
Dominican Republic,DOM,2025/03/31,,69.2,,
Dominican Republic,DOM,2025/06/30,,69.2,,
Dominican Republic,DOM,2025/09/30,,69.2,,
Dominican Republic,DOM,2025/12/31,3.67,69.2,5.25,2.62
Dominican Republic,DOM,2026/12/31,4.15,,,4.02
Dominican Republic,DOM,2027/12/31,3.95,,,5.65
East Timor,ETM,2019/12/31,0.96,,,23.41
East Timor,ETM,2020/12/31,0.5,,,-8.5
East Timor,ETM,2021/12/31,3.7,,,51.96
East Timor,ETM,2022/12/31,7.01,,,-20.58
East Timor,ETM,2023/03/31,,1.08,,
East Timor,ETM,2023/06/30,,1.08,,
East Timor,ETM,2023/09/30,,1.08,,
East Timor,ETM,2023/12/31,8.42,1.08,,-18.12
East Timor,ETM,2024/03/31,,1.08,,
East Timor,ETM,2024/06/30,,1.08,,
East Timor,ETM,2024/09/30,,1.08,,
East Timor,ETM,2024/12/31,2.06,1.08,,-9.09
East Timor,ETM,2025/03/31,,1.13,,
East Timor,ETM,2025/06/30,,1.13,,
East Timor,ETM,2025/09/30,,1.13,,
East Timor,ETM,2025/12/31,0.63,1.13,,4.05
East Timor,ETM,2026/12/31,2.0,,,3.6
East Timor,ETM,2027/12/31,1.66,,,4.25
Ecuador,ECU,2019/12/31,0.27,,0.2,0.17
Ecuador,ECU,2020/12/31,-0.34,,0.2,-9.25
Ecuador,ECU,2021/12/31,0.13,,0.2,9.42
Ecuador,ECU,2022/12/31,3.47,,0.2,5.87
Ecuador,ECU,2023/03/31,,1.07,,
Ecuador,ECU,2023/06/30,,1.09,,
Ecuador,ECU,2023/09/30,,1.09,,
Ecuador,ECU,2023/12/31,2.22,1.08,0.2,1.99
Ecuador,ECU,2024/03/31,,1.09,,
Ecuador,ECU,2024/06/30,,1.08,,
Ecuador,ECU,2024/09/30,,1.1,,
Ecuador,ECU,2024/12/31,1.55,1.07,0.2,-2.0
Ecuador,ECU,2025/03/31,,1.05,,
Ecuador,ECU,2025/06/30,,1.13,,
Ecuador,ECU,2025/09/30,,1.17,,
Ecuador,ECU,2025/12/31,1.03,1.16,0.2,4.0
Ecuador,ECU,2026/12/31,3.39,,,1.77
Ecuador,ECU,2027/12/31,1.98,,,2.24
Egypt,EGY,2019/12/31,9.23,,14.94,5.61
Egypt,EGY,2020/12/31,5.09,,9.66,1.46
Egypt,EGY,2021/12/31,5.2,,8.25,7.13
Egypt,EGY,2022/12/31,13.88,,10.7,4.24
Egypt,EGY,2023/03/31,,32.29,,
Egypt,EGY,2023/06/30,,33.65,,
Egypt,EGY,2023/09/30,,33.64,,
Egypt,EGY,2023/12/31,33.89,33.22,18.17,2.93
Egypt,EGY,2024/03/31,,38.74,,
Egypt,EGY,2024/06/30,,51.26,,
Egypt,EGY,2024/09/30,,53.3,,
Egypt,EGY,2024/12/31,28.23,52.89,26.01,3.14
Egypt,EGY,2025/03/31,,53.16,,
Egypt,EGY,2025/06/30,,57.13,,
Egypt,EGY,2025/09/30,,56.84,,
Egypt,EGY,2025/12/31,14.06,55.24,24.11,5.08
Egypt,EGY,2026/12/31,10.79,,,4.85
Egypt,EGY,2027/12/31,8.34,,,4.66
El Salvador,SLV,2019/12/31,0.07,,4.3,2.43
El Salvador,SLV,2020/12/31,-0.37,,4.19,-7.89
El Salvador,SLV,2021/12/31,3.47,,4.09,11.91
El Salvador,SLV,2022/12/31,7.2,,4.54,2.95
El Salvador,SLV,2023/03/31,,1.08,,
El Salvador,SLV,2023/06/30,,1.08,,
El Salvador,SLV,2023/09/30,,1.08,,
El Salvador,SLV,2023/12/31,4.05,1.08,5.26,3.54
El Salvador,SLV,2024/03/31,,1.08,,
El Salvador,SLV,2024/06/30,,1.08,,
El Salvador,SLV,2024/09/30,,1.08,,
El Salvador,SLV,2024/12/31,0.85,1.08,5.6,2.47
El Salvador,SLV,2025/03/31,,1.13,,
El Salvador,SLV,2025/06/30,,1.13,,
El Salvador,SLV,2025/09/30,,1.13,,
El Salvador,SLV,2025/12/31,0.31,1.13,5.21,2.71
El Salvador,SLV,2026/12/31,1.43,,,1.03
El Salvador,SLV,2027/12/31,1.45,,,1.3
Equatorial Guinea,GNQ,2019/12/31,1.2,,3.5,-5.48
Equatorial Guinea,GNQ,2020/12/31,4.8,,3.29,-4.79
Equatorial Guinea,GNQ,2021/12/31,-0.1,,3.29,0.86
Equatorial Guinea,GNQ,2022/12/31,5.0,,4.08,3.22
Equatorial Guinea,GNQ,2023/03/31,,655.92,,
Equatorial Guinea,GNQ,2023/06/30,,655.92,,
Equatorial Guinea,GNQ,2023/09/30,,655.92,,
Equatorial Guinea,GNQ,2023/12/31,2.33,655.92,4.92,-5.09
Equatorial Guinea,GNQ,2024/03/31,,656.03,,
Equatorial Guinea,GNQ,2024/06/30,,656.03,,
Equatorial Guinea,GNQ,2024/09/30,,656.03,,
Equatorial Guinea,GNQ,2024/12/31,3.35,656.03,5.0,0.91
Equatorial Guinea,GNQ,2025/03/31,,657.11,,
Equatorial Guinea,GNQ,2025/06/30,,657.11,,
Equatorial Guinea,GNQ,2025/09/30,,657.11,,
Equatorial Guinea,GNQ,2025/12/31,2.19,657.11,4.58,-1.12
Equatorial Guinea,GNQ,2026/12/31,1.59,,,-0.96
Equatorial Guinea,GNQ,2027/12/31,1.96,,,-0.18
Eritrea,ERI,2019/12/31,1.3,,,3.84
Eritrea,ERI,2020/12/31,5.64,,,-0.53
Eritrea,ERI,2021/12/31,6.64,,,2.9
Eritrea,ERI,2022/12/31,7.35,,,2.62
Eritrea,ERI,2023/03/31,,16.3,,
Eritrea,ERI,2023/06/30,,16.3,,
Eritrea,ERI,2023/09/30,,16.3,,
Eritrea,ERI,2023/12/31,6.4,16.3,,2.8
Eritrea,ERI,2024/03/31,,16.31,,
Eritrea,ERI,2024/06/30,,16.31,,
Eritrea,ERI,2024/09/30,,16.31,,
Eritrea,ERI,2024/12/31,4.99,16.31,,2.8
Eritrea,ERI,2025/03/31,,17.03,,
Eritrea,ERI,2025/06/30,,17.03,,
Eritrea,ERI,2025/09/30,,17.03,,
Eritrea,ERI,2025/12/31,4.71,17.03,,2.39
Eritrea,ERI,2026/12/31,4.34,,,2.02
Eritrea,ERI,2027/12/31,4.2,,,1.71
Estonia,EST,2019/12/31,2.27,,0.0,3.66
Estonia,EST,2020/12/31,-0.63,,0.0,-2.52
Estonia,EST,2021/12/31,4.49,,0.0,8.16
Estonia,EST,2022/12/31,19.45,,0.58,-1.19
Estonia,EST,2023/03/31,,15.65,,
Estonia,EST,2023/06/30,,15.65,,
Estonia,EST,2023/09/30,,15.65,,
Estonia,EST,2023/12/31,9.12,15.65,3.81,-2.82
Estonia,EST,2024/03/31,,15.65,,
Estonia,EST,2024/06/30,,15.65,,
Estonia,EST,2024/09/30,,15.65,,
Estonia,EST,2024/12/31,3.73,15.65,4.14,-0.08
Estonia,EST,2025/03/31,,15.65,,
Estonia,EST,2025/06/30,,15.65,,
Estonia,EST,2025/09/30,,15.65,,
Estonia,EST,2025/12/31,4.84,15.65,2.41,0.63
Estonia,EST,2026/12/31,2.73,,,2.45
Estonia,EST,2027/12/31,2.51,,,3.37
Ethiopia,ETH,2019/12/31,15.8,,10.5,8.36
Ethiopia,ETH,2020/12/31,20.36,,11.25,6.06
Ethiopia,ETH,2021/12/31,26.82,,11.25,5.64
Ethiopia,ETH,2022/12/31,33.91,,11.26,5.32
Ethiopia,ETH,2023/03/31,,60.73,,
Ethiopia,ETH,2023/06/30,,60.73,,
Ethiopia,ETH,2023/09/30,,60.73,,
Ethiopia,ETH,2023/12/31,30.29,60.73,11.5,6.59
Ethiopia,ETH,2024/03/31,,89.99,,
Ethiopia,ETH,2024/06/30,,89.99,,
Ethiopia,ETH,2024/09/30,,89.99,,
Ethiopia,ETH,2024/12/31,20.82,89.99,15.0,7.61
Ethiopia,ETH,2025/03/31,,156.47,,
Ethiopia,ETH,2025/06/30,,156.47,,
Ethiopia,ETH,2025/09/30,,156.47,,
Ethiopia,ETH,2025/12/31,13.23,156.47,15.0,6.97
Ethiopia,ETH,2026/12/31,12.05,,,7.48
Ethiopia,ETH,2027/12/31,10.52,,,7.67
Eurozone,EUZ,2019/12/31,,,0.0,1.64
Eurozone,EUZ,2020/12/31,,,0.0,-6.16
Eurozone,EUZ,2021/12/31,,,0.0,6.35
Eurozone,EUZ,2022/12/31,,,0.58,3.7
Eurozone,EUZ,2023/12/31,,,3.81,0.55
Eurozone,EUZ,2024/12/31,,,4.14,0.85
Eurozone,EUZ,2025/12/31,,,2.41,1.47
Eurozone,EUZ,2026/12/31,,,,1.11
Eurozone,EUZ,2027/12/31,,,,1.57
Fiji,FJI,2019/12/31,1.8,,0.5,-0.58
Fiji,FJI,2020/12/31,-1.7,,0.25,-17.04
Fiji,FJI,2021/12/31,1.53,,0.25,-4.88
Fiji,FJI,2022/12/31,6.08,,0.25,19.79
Fiji,FJI,2023/03/31,,2.43,,
Fiji,FJI,2023/06/30,,2.43,,
Fiji,FJI,2023/09/30,,2.43,,
Fiji,FJI,2023/12/31,2.98,2.43,0.25,7.52
Fiji,FJI,2024/03/31,,2.45,,
Fiji,FJI,2024/06/30,,2.45,,
Fiji,FJI,2024/09/30,,2.45,,
Fiji,FJI,2024/12/31,3.89,2.45,0.25,3.75
Fiji,FJI,2025/03/31,,2.59,,
Fiji,FJI,2025/06/30,,2.59,,
Fiji,FJI,2025/09/30,,2.59,,
Fiji,FJI,2025/12/31,-0.71,2.59,0.25,2.54
Fiji,FJI,2026/12/31,2.25,,,2.47
Fiji,FJI,2027/12/31,2.61,,,2.9
Finland,FIN,2019/12/31,1.02,,0.0,1.35
Finland,FIN,2020/12/31,0.29,,0.0,-2.49
Finland,FIN,2021/12/31,2.19,,0.0,2.68
Finland,FIN,2022/12/31,7.12,,0.58,0.76
Finland,FIN,2023/03/31,,5.95,,
Finland,FIN,2023/06/30,,5.95,,
Finland,FIN,2023/09/30,,5.95,,
Finland,FIN,2023/12/31,6.25,5.95,3.81,-1.29
Finland,FIN,2024/03/31,,5.95,,
Finland,FIN,2024/06/30,,5.95,,
Finland,FIN,2024/09/30,,5.95,,
Finland,FIN,2024/12/31,1.57,5.95,4.14,0.37
Finland,FIN,2025/03/31,,5.95,,
Finland,FIN,2025/06/30,,5.95,,
Finland,FIN,2025/09/30,,5.95,,
Finland,FIN,2025/12/31,0.34,5.95,2.41,0.13
Finland,FIN,2026/12/31,0.87,,,1.07
Finland,FIN,2027/12/31,2.11,,,1.33
France,FRA,2019/12/31,1.11,,0.0,2.09
France,FRA,2020/12/31,0.48,,0.0,-7.6
France,FRA,2021/12/31,1.64,,0.0,6.79
France,FRA,2022/12/31,5.22,,0.58,2.8
France,FRA,2023/03/31,,6.56,,
France,FRA,2023/06/30,,6.56,,
France,FRA,2023/09/30,,6.56,,
France,FRA,2023/12/31,4.88,6.56,3.81,1.62
France,FRA,2024/03/31,,6.56,,
France,FRA,2024/06/30,,6.56,,
France,FRA,2024/09/30,,6.56,,
France,FRA,2024/12/31,2.0,6.56,4.14,1.11
France,FRA,2025/03/31,,6.56,,
France,FRA,2025/06/30,,6.56,,
France,FRA,2025/09/30,,6.56,,
France,FRA,2025/12/31,0.94,6.56,2.41,0.86
France,FRA,2026/12/31,1.14,,,0.88
France,FRA,2027/12/31,1.69,,,1.14
Gabon,GAB,2019/12/31,2.46,,3.5,3.92
Gabon,GAB,2020/12/31,1.36,,3.29,-1.84
Gabon,GAB,2021/12/31,1.11,,3.29,1.47
Gabon,GAB,2022/12/31,4.21,,4.08,3.04
Gabon,GAB,2023/03/31,,655.89,,
Gabon,GAB,2023/06/30,,655.89,,
Gabon,GAB,2023/09/30,,655.89,,
Gabon,GAB,2023/12/31,3.65,655.89,4.92,2.45
Gabon,GAB,2024/03/31,,656.21,,
Gabon,GAB,2024/06/30,,656.21,,
Gabon,GAB,2024/09/30,,656.21,,
Gabon,GAB,2024/12/31,1.16,656.21,5.0,3.38
Gabon,GAB,2025/03/31,,657.11,,
Gabon,GAB,2025/06/30,,657.11,,
Gabon,GAB,2025/09/30,,657.11,,
Gabon,GAB,2025/12/31,1.28,657.11,4.5,2.83
Gabon,GAB,2026/12/31,1.43,,,3.12
Gabon,GAB,2027/12/31,1.97,,,2.91
"Gambia,  The",GMB,2019/12/31,7.12,,12.67,6.22
"Gambia,  The",GMB,2020/12/31,5.93,,10.92,0.59
"Gambia,  The",GMB,2021/12/31,7.37,,10.0,5.26
"Gambia,  The",GMB,2022/12/31,11.51,,11.08,5.49
"Gambia,  The",GMB,2023/03/31,,66.06,,
"Gambia,  The",GMB,2023/06/30,,66.06,,
"Gambia,  The",GMB,2023/09/30,,66.06,,
"Gambia,  The",GMB,2023/12/31,16.97,66.06,15.33,4.8
"Gambia,  The",GMB,2024/03/31,,73.23,,
"Gambia,  The",GMB,2024/06/30,,73.23,,
"Gambia,  The",GMB,2024/09/30,,73.23,,
"Gambia,  The",GMB,2024/12/31,11.56,73.23,17.0,5.75
"Gambia,  The",GMB,2025/03/31,,80.34,,
"Gambia,  The",GMB,2025/06/30,,80.34,,
"Gambia,  The",GMB,2025/09/30,,80.34,,
"Gambia,  The",GMB,2025/12/31,7.06,80.34,17.0,4.9
"Gambia,  The",GMB,2026/12/31,3.57,,,4.17
"Gambia,  The",GMB,2027/12/31,3.97,,,3.78
Georgia,GEO,2019/12/31,4.85,,9.0,5.32
Georgia,GEO,2020/12/31,5.2,,8.0,-6.06
Georgia,GEO,2021/12/31,9.57,,10.5,10.08
Georgia,GEO,2022/12/31,11.9,,11.0,11.05
Georgia,GEO,2023/03/31,,2.84,,
Georgia,GEO,2023/06/30,,2.84,,
Georgia,GEO,2023/09/30,,2.84,,
Georgia,GEO,2023/12/31,2.49,2.84,9.5,7.94
Georgia,GEO,2024/03/31,,2.94,,
Georgia,GEO,2024/06/30,,2.94,,
Georgia,GEO,2024/09/30,,2.94,,
Georgia,GEO,2024/12/31,1.11,2.94,8.0,9.44
Georgia,GEO,2025/03/31,,3.13,,
Georgia,GEO,2025/06/30,,3.13,,
Georgia,GEO,2025/09/30,,3.13,,
Georgia,GEO,2025/12/31,3.12,3.13,8.0,6.67
Georgia,GEO,2026/12/31,2.96,,,4.57
Georgia,GEO,2027/12/31,3.0,,,5.39
Germany,DEU,2019/12/31,1.41,,0.0,1.01
Germany,DEU,2020/12/31,0.55,,0.0,-4.49
Germany,DEU,2021/12/31,3.07,,0.0,3.87
Germany,DEU,2022/12/31,6.86,,0.58,1.89
Germany,DEU,2023/03/31,,1.96,,
Germany,DEU,2023/06/30,,1.96,,
Germany,DEU,2023/09/30,,1.96,,
Germany,DEU,2023/12/31,5.94,1.96,3.81,-0.68
Germany,DEU,2024/03/31,,1.96,,
Germany,DEU,2024/06/30,,1.96,,
Germany,DEU,2024/09/30,,1.96,,
Germany,DEU,2024/12/31,2.25,1.96,4.14,-0.47
Germany,DEU,2025/03/31,,1.96,,
Germany,DEU,2025/06/30,,1.96,,
Germany,DEU,2025/09/30,,1.96,,
Germany,DEU,2025/12/31,2.19,1.96,2.41,0.35
Germany,DEU,2026/12/31,1.75,,,0.73
Germany,DEU,2027/12/31,2.12,,,1.99
Ghana,GHA,2019/12/31,7.18,,16.07,6.5
Ghana,GHA,2020/12/31,9.95,,14.82,0.28
Ghana,GHA,2021/12/31,9.97,,14.03,5.05
Ghana,GHA,2022/12/31,31.92,,19.65,3.87
Ghana,GHA,2023/03/31,,11.03,,
Ghana,GHA,2023/06/30,,11.46,,
Ghana,GHA,2023/09/30,,11.77,,
Ghana,GHA,2023/12/31,39.21,12.45,29.3,3.12
Ghana,GHA,2024/03/31,,13.31,,
Ghana,GHA,2024/06/30,,14.83,,
Ghana,GHA,2024/09/30,,16.41,,
Ghana,GHA,2024/12/31,22.87,16.87,28.56,5.66
Ghana,GHA,2025/03/31,,16.46,,
Ghana,GHA,2025/06/30,,13.63,,
Ghana,GHA,2025/09/30,,12.29,,
Ghana,GHA,2025/12/31,14.2,12.71,25.14,6.05
Ghana,GHA,2026/12/31,7.3,,,4.93
Ghana,GHA,2027/12/31,9.66,,,4.46
Greece,GRC,2019/12/31,0.25,,0.0,2.22
Greece,GRC,2020/12/31,-1.25,,0.0,-9.0
Greece,GRC,2021/12/31,1.22,,0.0,8.31
Greece,GRC,2022/12/31,9.65,,0.58,5.66
Greece,GRC,2023/03/31,,340.75,,
Greece,GRC,2023/06/30,,340.75,,
Greece,GRC,2023/09/30,,340.75,,
Greece,GRC,2023/12/31,3.46,340.75,3.81,2.15
Greece,GRC,2024/03/31,,340.75,,
Greece,GRC,2024/06/30,,340.75,,
Greece,GRC,2024/09/30,,340.75,,
Greece,GRC,2024/12/31,2.74,340.75,4.14,2.08
Greece,GRC,2025/03/31,,340.75,,
Greece,GRC,2025/06/30,,340.75,,
Greece,GRC,2025/09/30,,340.75,,
Greece,GRC,2025/12/31,2.48,340.75,2.41,2.0
Greece,GRC,2026/12/31,1.99,,,2.22
Greece,GRC,2027/12/31,1.91,,,1.68
Greenland,GRL,2019/12/31,0.74,,,2.83
Greenland,GRL,2020/12/31,0.86,,,0.25
Greenland,GRL,2021/12/31,0.8,,,1.63
Greenland,GRL,2022/12/31,5.61,,,2.0
Greenland,GRL,2023/03/31,,7.46,,
Greenland,GRL,2023/06/30,,7.46,,
Greenland,GRL,2023/09/30,,7.46,,
Greenland,GRL,2023/12/31,1.86,7.46,,0.87
Greenland,GRL,2024/03/31,,7.46,,
Greenland,GRL,2024/06/30,,7.46,,
Greenland,GRL,2024/09/30,,7.46,,
Greenland,GRL,2024/12/31,3.84,7.46,,1.21
Greenland,GRL,2025/03/31,,7.47,,
Greenland,GRL,2025/06/30,,7.47,,
Greenland,GRL,2025/09/30,,7.47,,
Greenland,GRL,2025/12/31,2.16,7.47,,1.76
Greenland,GRL,2026/12/31,2.12,,,2.42
Greenland,GRL,2027/12/31,3.0,,,2.46
Grenada,GRD,2019/12/31,0.6,,,0.68
Grenada,GRD,2020/12/31,-0.74,,,-13.76
Grenada,GRD,2021/12/31,1.22,,,4.69
Grenada,GRD,2022/12/31,2.58,,,7.32
Grenada,GRD,2023/03/31,,2.92,,
Grenada,GRD,2023/06/30,,2.92,,
Grenada,GRD,2023/09/30,,2.92,,
Grenada,GRD,2023/12/31,2.7,2.92,,3.57
Grenada,GRD,2024/03/31,,2.92,,
Grenada,GRD,2024/06/30,,2.92,,
Grenada,GRD,2024/09/30,,2.92,,
Grenada,GRD,2024/12/31,1.09,2.92,,1.34
Grenada,GRD,2025/03/31,,3.05,,
Grenada,GRD,2025/06/30,,3.05,,
Grenada,GRD,2025/09/30,,3.05,,
Grenada,GRD,2025/12/31,1.07,3.05,,3.54
Grenada,GRD,2026/12/31,2.14,,,0.25
Grenada,GRD,2027/12/31,1.67,,,5.09
Guadeloupe,GUD,2019/12/31,1.02,,,1.8
Guadeloupe,GUD,2020/12/31,0.68,,,-8.0
Guadeloupe,GUD,2021/12/31,1.18,,,1.9
Guadeloupe,GUD,2022/12/31,4.25,,,5.9
Guadeloupe,GUD,2023/03/31,,1.0,,
Guadeloupe,GUD,2023/06/30,,1.0,,
Guadeloupe,GUD,2023/09/30,,1.0,,
Guadeloupe,GUD,2023/12/31,3.9,1.0,,-1.0
Guadeloupe,GUD,2024/03/31,,1.0,,
Guadeloupe,GUD,2024/06/30,,1.0,,
Guadeloupe,GUD,2024/09/30,,1.0,,
Guadeloupe,GUD,2024/12/31,2.6,1.0,,1.73
Guadeloupe,GUD,2025/03/31,,1.0,,
Guadeloupe,GUD,2025/06/30,,1.0,,
Guadeloupe,GUD,2025/09/30,,1.0,,
Guadeloupe,GUD,2025/12/31,1.43,1.0,,2.48
Guadeloupe,GUD,2026/12/31,1.7,,,0.81
Guadeloupe,GUD,2027/12/31,2.11,,,0.94
Guatemala,GTM,2019/12/31,3.7,,2.75,4.02
Guatemala,GTM,2020/12/31,3.21,,2.04,-1.79
Guatemala,GTM,2021/12/31,4.26,,1.75,8.04
Guatemala,GTM,2022/12/31,6.88,,2.33,4.18
Guatemala,GTM,2023/03/31,,8.47,,
Guatemala,GTM,2023/06/30,,8.47,,
Guatemala,GTM,2023/09/30,,8.47,,
Guatemala,GTM,2023/12/31,6.21,8.47,4.8,3.53
Guatemala,GTM,2024/03/31,,8.4,,
Guatemala,GTM,2024/06/30,,8.4,,
Guatemala,GTM,2024/09/30,,8.4,,
Guatemala,GTM,2024/12/31,2.87,8.4,4.91,3.65
Guatemala,GTM,2025/03/31,,8.67,,
Guatemala,GTM,2025/06/30,,8.67,,
Guatemala,GTM,2025/09/30,,8.67,,
Guatemala,GTM,2025/12/31,1.51,8.67,4.29,4.34
Guatemala,GTM,2026/12/31,1.98,,,3.91
Guatemala,GTM,2027/12/31,3.56,,,3.4
Guinea,GIN,2019/12/31,9.47,,12.5,5.62
Guinea,GIN,2020/12/31,10.6,,11.75,4.7
Guinea,GIN,2021/12/31,12.6,,11.5,5.58
Guinea,GIN,2022/12/31,10.49,,11.5,3.97
Guinea,GIN,2023/03/31,,9326.33,,
Guinea,GIN,2023/06/30,,9326.33,,
Guinea,GIN,2023/09/30,,9326.33,,
Guinea,GIN,2023/12/31,7.8,9326.33,11.33,5.54
Guinea,GIN,2024/03/31,,9321.94,,
Guinea,GIN,2024/06/30,,9321.94,,
Guinea,GIN,2024/09/30,,9321.94,,
Guinea,GIN,2024/12/31,8.12,9321.94,11.0,5.67
Guinea,GIN,2025/03/31,,9780.5,,
Guinea,GIN,2025/06/30,,9780.5,,
Guinea,GIN,2025/09/30,,9780.5,,
Guinea,GIN,2025/12/31,4.01,9780.5,10.4,6.74
Guinea,GIN,2026/12/31,4.38,,,7.7
Guinea,GIN,2027/12/31,6.7,,,7.54
Guinea-Bissau,GNB,2019/12/31,0.27,,2.5,5.57
Guinea-Bissau,GNB,2020/12/31,1.51,,2.24,2.13
Guinea-Bissau,GNB,2021/12/31,3.25,,2.0,5.24
Guinea-Bissau,GNB,2022/12/31,7.92,,2.22,5.59
Guinea-Bissau,GNB,2023/03/31,,655.89,,
Guinea-Bissau,GNB,2023/06/30,,655.89,,
Guinea-Bissau,GNB,2023/09/30,,655.89,,
Guinea-Bissau,GNB,2023/12/31,7.16,655.89,3.03,4.46
Guinea-Bissau,GNB,2024/03/31,,656.22,,
Guinea-Bissau,GNB,2024/06/30,,656.22,,
Guinea-Bissau,GNB,2024/09/30,,656.22,,
Guinea-Bissau,GNB,2024/12/31,3.7,656.22,3.5,4.81
Guinea-Bissau,GNB,2025/03/31,,657.11,,
Guinea-Bissau,GNB,2025/06/30,,657.11,,
Guinea-Bissau,GNB,2025/09/30,,657.11,,
Guinea-Bissau,GNB,2025/12/31,1.7,657.11,3.25,4.89
Guinea-Bissau,GNB,2026/12/31,1.87,,,3.58
Guinea-Bissau,GNB,2027/12/31,1.89,,,2.28
Guyana,GUY,2019/12/31,2.09,,5.0,5.35
Guyana,GUY,2020/12/31,0.99,,5.0,43.48
Guyana,GUY,2021/12/31,5.03,,5.0,20.06
Guyana,GUY,2022/12/31,6.12,,5.0,63.33
Guyana,GUY,2023/03/31,,225.45,,
Guyana,GUY,2023/06/30,,225.45,,
Guyana,GUY,2023/09/30,,225.45,,
Guyana,GUY,2023/12/31,2.82,225.45,5.0,33.02
Guyana,GUY,2024/03/31,,225.65,,
Guyana,GUY,2024/06/30,,225.65,,
Guyana,GUY,2024/09/30,,225.65,,
Guyana,GUY,2024/12/31,2.9,225.65,5.0,42.29
Guyana,GUY,2025/03/31,,235.48,,
Guyana,GUY,2025/06/30,,235.48,,
Guyana,GUY,2025/09/30,,235.48,,
Guyana,GUY,2025/12/31,3.24,235.48,5.0,27.04
Guyana,GUY,2026/12/31,3.26,,,17.87
Guyana,GUY,2027/12/31,3.2,,,9.23
Haiti,HTI,2019/12/31,18.7,,,-1.69
Haiti,HTI,2020/12/31,22.8,,,-3.32
Haiti,HTI,2021/12/31,16.84,,,-1.8
Haiti,HTI,2022/12/31,33.98,,,-1.68
Haiti,HTI,2023/03/31,,152.5,,
Haiti,HTI,2023/06/30,,152.5,,
Haiti,HTI,2023/09/30,,152.5,,
Haiti,HTI,2023/12/31,36.81,152.5,,-1.87
Haiti,HTI,2024/03/31,,142.65,,
Haiti,HTI,2024/06/30,,142.65,,
Haiti,HTI,2024/09/30,,142.65,,
Haiti,HTI,2024/12/31,26.95,142.65,,-3.32
Haiti,HTI,2025/03/31,,149.34,,
Haiti,HTI,2025/06/30,,149.34,,
Haiti,HTI,2025/09/30,,149.34,,
Haiti,HTI,2025/12/31,27.8,149.34,,-2.43
Haiti,HTI,2026/12/31,26.2,,,-0.92
Haiti,HTI,2027/12/31,18.8,,,0.85
Honduras,HND,2019/12/31,4.37,,5.5,2.56
Honduras,HND,2020/12/31,3.47,,3.0,-8.97
Honduras,HND,2021/12/31,4.48,,3.0,12.57
Honduras,HND,2022/12/31,9.09,,3.0,4.14
Honduras,HND,2023/03/31,,26.73,,
Honduras,HND,2023/06/30,,26.73,,
Honduras,HND,2023/09/30,,26.73,,
Honduras,HND,2023/12/31,6.66,26.73,3.0,3.58
Honduras,HND,2024/03/31,,26.97,,
Honduras,HND,2024/06/30,,26.97,,
Honduras,HND,2024/09/30,,26.97,,
Honduras,HND,2024/12/31,4.61,26.97,5.75,3.55
Honduras,HND,2025/03/31,,29.48,,
Honduras,HND,2025/06/30,,29.48,,
Honduras,HND,2025/09/30,,29.48,,
Honduras,HND,2025/12/31,4.44,29.48,5.75,4.07
Honduras,HND,2026/12/31,4.29,,,2.68
Honduras,HND,2027/12/31,4.21,,,3.36
"Hong Kong, China",HKG,2019/12/31,2.82,,2.55,-1.67
"Hong Kong, China",HKG,2020/12/31,0.27,,0.91,-6.54
"Hong Kong, China",HKG,2021/12/31,1.56,,0.5,6.45
"Hong Kong, China",HKG,2022/12/31,1.89,,2.11,-3.68
"Hong Kong, China",HKG,2023/03/31,,8.41,,
"Hong Kong, China",HKG,2023/06/30,,8.53,,
"Hong Kong, China",HKG,2023/09/30,,8.52,,
"Hong Kong, China",HKG,2023/12/31,2.11,8.4,5.45,3.15
"Hong Kong, China",HKG,2024/03/31,,8.49,,
"Hong Kong, China",HKG,2024/06/30,,8.42,,
"Hong Kong, China",HKG,2024/09/30,,8.57,,
"Hong Kong, China",HKG,2024/12/31,1.73,8.3,5.57,2.62
"Hong Kong, China",HKG,2025/03/31,,8.19,,
"Hong Kong, China",HKG,2025/06/30,,8.85,,
"Hong Kong, China",HKG,2025/09/30,,9.14,,
"Hong Kong, China",HKG,2025/12/31,1.44,9.05,4.62,3.46
"Hong Kong, China",HKG,2026/12/31,1.58,,,2.69
"Hong Kong, China",HKG,2027/12/31,1.97,,,1.95
Hungary,HUN,2019/12/31,3.58,,0.9,5.07
Hungary,HUN,2020/12/31,3.34,,0.76,-4.5
Hungary,HUN,2021/12/31,5.1,,1.11,7.18
Hungary,HUN,2022/12/31,14.75,,8.04,4.17
Hungary,HUN,2023/03/31,,388.49,,
Hungary,HUN,2023/06/30,,373.08,,
Hungary,HUN,2023/09/30,,383.68,,
Hungary,HUN,2023/12/31,17.09,382.1,12.76,-0.66
Hungary,HUN,2024/03/31,,388.51,,
Hungary,HUN,2024/06/30,,391.51,,
Hungary,HUN,2024/09/30,,394.24,,
Hungary,HUN,2024/12/31,3.83,407.74,7.7,0.58
Hungary,HUN,2025/03/31,,404.96,,
Hungary,HUN,2025/06/30,,404.21,,
Hungary,HUN,2025/09/30,,395.88,,
Hungary,HUN,2025/12/31,4.44,386.37,6.5,0.25
Hungary,HUN,2026/12/31,3.28,,,1.7
Hungary,HUN,2027/12/31,3.12,,,2.62
Iceland,ISL,2019/12/31,3.01,,3.88,1.14
Iceland,ISL,2020/12/31,2.85,,1.48,-6.65
Iceland,ISL,2021/12/31,4.46,,1.11,5.18
Iceland,ISL,2022/12/31,8.31,,4.21,8.82
Iceland,ISL,2023/03/31,,149.17,,
Iceland,ISL,2023/06/30,,149.17,,
Iceland,ISL,2023/09/30,,149.17,,
Iceland,ISL,2023/12/31,8.74,149.17,8.16,5.19
Iceland,ISL,2024/03/31,,149.28,,
Iceland,ISL,2024/06/30,,149.28,,
Iceland,ISL,2024/09/30,,149.28,,
Iceland,ISL,2024/12/31,5.86,149.28,9.13,-0.97
Iceland,ISL,2025/03/31,,144.04,,
Iceland,ISL,2025/06/30,,144.04,,
Iceland,ISL,2025/09/30,,144.04,,
Iceland,ISL,2025/12/31,3.96,144.04,7.7,0.8
Iceland,ISL,2026/12/31,3.03,,,0.39
Iceland,ISL,2027/12/31,2.82,,,2.28
India,IND,2019/12/31,3.72,,5.75,4.59
India,IND,2020/12/31,6.62,,4.33,-5.94
India,IND,2021/12/31,5.14,,4.0,9.41
India,IND,2022/12/31,6.69,,4.9,6.97
India,IND,2023/03/31,,88.26,,
India,IND,2023/06/30,,89.47,,
India,IND,2023/09/30,,90.0,,
India,IND,2023/12/31,5.65,89.51,6.47,8.83
India,IND,2024/03/31,,90.17,,
India,IND,2024/06/30,,89.82,,
India,IND,2024/09/30,,92.01,,
India,IND,2024/12/31,4.95,90.21,6.5,6.72
India,IND,2025/03/31,,91.14,,
India,IND,2025/06/30,,97.03,,
India,IND,2025/09/30,,102.0,,
India,IND,2025/12/31,2.2,103.66,5.79,7.64
India,IND,2026/12/31,3.95,,,6.69
India,IND,2027/12/31,4.43,,,6.87
Indonesia,IDN,2019/12/31,2.82,,5.68,5.02
Indonesia,IDN,2020/12/31,2.03,,4.31,-2.07
Indonesia,IDN,2021/12/31,1.56,,3.53,3.7
Indonesia,IDN,2022/12/31,4.14,,3.9,5.31
Indonesia,IDN,2023/03/31,,16344.13,,
Indonesia,IDN,2023/06/30,,16205.0,,
Indonesia,IDN,2023/09/30,,16576.76,,
Indonesia,IDN,2023/12/31,3.71,16777.62,5.79,5.05
Indonesia,IDN,2024/03/31,,17004.77,,
Indonesia,IDN,2024/06/30,,17414.94,,
Indonesia,IDN,2024/09/30,,17321.46,,
Indonesia,IDN,2024/12/31,2.3,16907.38,6.1,5.03
Indonesia,IDN,2025/03/31,,17210.93,,
Indonesia,IDN,2025/06/30,,18724.62,,
Indonesia,IDN,2025/09/30,,19123.12,,
Indonesia,IDN,2025/12/31,1.91,19380.04,5.33,5.11
Indonesia,IDN,2026/12/31,3.04,,,5.3
Indonesia,IDN,2027/12/31,2.65,,,5.11
"Iran, Islamic Rep.",IRN,2019/12/31,34.89,,18.0,-2.36
"Iran, Islamic Rep.",IRN,2020/12/31,36.41,,18.0,4.44
"Iran, Islamic Rep.",IRN,2021/12/31,40.22,,18.0,4.13
"Iran, Islamic Rep.",IRN,2022/12/31,45.77,,20.5,4.35
"Iran, Islamic Rep.",IRN,2023/03/31,,45414.88,,
"Iran, Islamic Rep.",IRN,2023/06/30,,45414.88,,
"Iran, Islamic Rep.",IRN,2023/09/30,,45414.88,,
"Iran, Islamic Rep.",IRN,2023/12/31,40.69,45414.88,20.75,5.33
"Iran, Islamic Rep.",IRN,2024/03/31,,293172.2,,
"Iran, Islamic Rep.",IRN,2024/06/30,,293172.2,,
"Iran, Islamic Rep.",IRN,2024/09/30,,293172.2,,
"Iran, Islamic Rep.",IRN,2024/12/31,32.47,293172.2,19.94,3.66
"Iran, Islamic Rep.",IRN,2025/03/31,,655345.8,,
"Iran, Islamic Rep.",IRN,2025/06/30,,655345.8,,
"Iran, Islamic Rep.",IRN,2025/09/30,,655345.8,,
"Iran, Islamic Rep.",IRN,2025/12/31,44.25,655345.8,19.88,0.19
"Iran, Islamic Rep.",IRN,2026/12/31,30.2,,,0.28
"Iran, Islamic Rep.",IRN,2027/12/31,16.95,,,2.8
Iraq,IRQ,2019/12/31,-0.17,,4.0,5.51
Iraq,IRQ,2020/12/31,0.56,,4.0,-12.04
Iraq,IRQ,2021/12/31,6.06,,4.0,1.5
Iraq,IRQ,2022/12/31,4.97,,4.0,7.96
Iraq,IRQ,2023/03/31,,1411.07,,
Iraq,IRQ,2023/06/30,,1411.07,,
Iraq,IRQ,2023/09/30,,1411.07,,
Iraq,IRQ,2023/12/31,4.4,1411.07,7.5,0.52
Iraq,IRQ,2024/03/31,,1388.58,,
Iraq,IRQ,2024/06/30,,1388.58,,
Iraq,IRQ,2024/09/30,,1388.58,,
Iraq,IRQ,2024/12/31,2.59,1388.58,5.5,-1.55
Iraq,IRQ,2025/03/31,,1512.44,,
Iraq,IRQ,2025/06/30,,1512.44,,
Iraq,IRQ,2025/09/30,,1512.44,,
Iraq,IRQ,2025/12/31,0.26,1512.44,5.5,-1.1
Iraq,IRQ,2026/12/31,1.21,,,3.26
Iraq,IRQ,2027/12/31,3.19,,,3.19
Ireland,IRL,2019/12/31,0.93,,0.0,4.9
Ireland,IRL,2020/12/31,-0.33,,0.0,7.65
Ireland,IRL,2021/12/31,2.34,,0.0,15.81
Ireland,IRL,2022/12/31,7.82,,0.58,7.45
Ireland,IRL,2023/03/31,,0.79,,
Ireland,IRL,2023/06/30,,0.79,,
Ireland,IRL,2023/09/30,,0.79,,
Ireland,IRL,2023/12/31,6.3,0.79,3.81,-2.6
Ireland,IRL,2024/03/31,,0.79,,
Ireland,IRL,2024/06/30,,0.79,,
Ireland,IRL,2024/09/30,,0.79,,
Ireland,IRL,2024/12/31,2.12,0.79,4.14,2.62
Ireland,IRL,2025/03/31,,0.79,,
Ireland,IRL,2025/06/30,,0.79,,
Ireland,IRL,2025/09/30,,0.79,,
Ireland,IRL,2025/12/31,2.22,0.79,2.41,13.31
Ireland,IRL,2026/12/31,2.11,,,-0.64
Ireland,IRL,2027/12/31,1.97,,,1.86
Israel,ISR,2019/12/31,0.84,,0.25,3.5
Israel,ISR,2020/12/31,-0.59,,0.14,-2.07
Israel,ISR,2021/12/31,1.49,,0.1,9.72
Israel,ISR,2022/12/31,4.39,,1.26,6.29
Israel,ISR,2023/03/31,,3.99,,
Israel,ISR,2023/06/30,,3.99,,
Israel,ISR,2023/09/30,,3.99,,
Israel,ISR,2023/12/31,4.21,3.99,4.51,1.99
Israel,ISR,2024/03/31,,4.0,,
Israel,ISR,2024/06/30,,4.0,,
Israel,ISR,2024/09/30,,4.0,,
Israel,ISR,2024/12/31,3.07,4.0,4.5,0.26
Israel,ISR,2025/03/31,,3.9,,
Israel,ISR,2025/06/30,,3.9,,
Israel,ISR,2025/09/30,,3.9,,
Israel,ISR,2025/12/31,3.03,3.9,4.48,2.79
Israel,ISR,2026/12/31,1.99,,,5.21
Israel,ISR,2027/12/31,2.0,,,4.34
Italy,ITA,2019/12/31,0.61,,0.0,0.42
Italy,ITA,2020/12/31,-0.14,,0.0,-8.95
Italy,ITA,2021/12/31,1.87,,0.0,8.8
Italy,ITA,2022/12/31,8.2,,0.58,4.97
Italy,ITA,2023/03/31,,1936.27,,
Italy,ITA,2023/06/30,,1936.27,,
Italy,ITA,2023/09/30,,1936.27,,
Italy,ITA,2023/12/31,5.62,1936.27,3.81,1.07
Italy,ITA,2024/03/31,,1936.27,,
Italy,ITA,2024/06/30,,1936.27,,
Italy,ITA,2024/09/30,,1936.27,,
Italy,ITA,2024/12/31,0.98,1936.27,4.14,0.49
Italy,ITA,2025/03/31,,1936.27,,
Italy,ITA,2025/06/30,,1936.27,,
Italy,ITA,2025/09/30,,1936.27,,
Italy,ITA,2025/12/31,1.53,1936.27,2.41,0.65
Italy,ITA,2026/12/31,1.7,,,0.85
Italy,ITA,2027/12/31,1.77,,,0.81
Jamaica,JAM,2019/12/31,3.91,,,0.89
Jamaica,JAM,2020/12/31,5.68,,,-9.92
Jamaica,JAM,2021/12/31,5.89,,,4.6
Jamaica,JAM,2022/12/31,10.35,,,5.22
Jamaica,JAM,2023/03/31,,167.63,,
Jamaica,JAM,2023/06/30,,167.63,,
Jamaica,JAM,2023/09/30,,167.63,,
Jamaica,JAM,2023/12/31,6.47,167.63,,2.2
Jamaica,JAM,2024/03/31,,170.19,,
Jamaica,JAM,2024/06/30,,170.19,,
Jamaica,JAM,2024/09/30,,170.19,,
Jamaica,JAM,2024/12/31,5.54,170.19,,-0.84
Jamaica,JAM,2025/03/31,,182.56,,
Jamaica,JAM,2025/06/30,,182.56,,
Jamaica,JAM,2025/09/30,,182.56,,
Jamaica,JAM,2025/12/31,3.72,182.56,,1.04
Jamaica,JAM,2026/12/31,6.48,,,3.14
Jamaica,JAM,2027/12/31,5.32,,,2.89
Japan,JPN,2019/12/31,0.47,,-0.05,-0.31
Japan,JPN,2020/12/31,-0.02,,-0.04,-4.33
Japan,JPN,2021/12/31,-0.23,,-0.02,3.66
Japan,JPN,2022/12/31,2.5,,-0.03,1.29
Japan,JPN,2023/03/31,,142.08,,
Japan,JPN,2023/06/30,,149.54,,
Japan,JPN,2023/09/30,,157.26,,
Japan,JPN,2023/12/31,3.27,158.99,-0.03,0.71
Japan,JPN,2024/03/31,,161.25,,
Japan,JPN,2024/06/30,,167.71,,
Japan,JPN,2024/09/30,,163.74,,
Japan,JPN,2024/12/31,2.74,162.52,0.12,-0.23
Japan,JPN,2025/03/31,,160.43,,
Japan,JPN,2025/06/30,,163.86,,
Japan,JPN,2025/09/30,,172.37,,
Japan,JPN,2025/12/31,3.17,179.36,0.47,1.22
Japan,JPN,2026/12/31,2.47,,,0.67
Japan,JPN,2027/12/31,2.0,,,0.62
Jordan,JOR,2019/12/31,0.76,,4.0,1.86
Jordan,JOR,2020/12/31,0.33,,2.5,-1.15
Jordan,JOR,2021/12/31,1.35,,2.5,3.75
Jordan,JOR,2022/12/31,4.23,,6.5,2.75
Jordan,JOR,2023/03/31,,0.77,,
Jordan,JOR,2023/06/30,,0.77,,
Jordan,JOR,2023/09/30,,0.77,,
Jordan,JOR,2023/12/31,2.08,0.77,7.5,3.13
Jordan,JOR,2024/03/31,,0.77,,
Jordan,JOR,2024/06/30,,0.77,,
Jordan,JOR,2024/09/30,,0.77,,
Jordan,JOR,2024/12/31,1.56,0.77,6.5,2.53
Jordan,JOR,2025/03/31,,0.8,,
Jordan,JOR,2025/06/30,,0.8,,
Jordan,JOR,2025/09/30,,0.8,,
Jordan,JOR,2025/12/31,1.77,0.8,5.75,2.74
Jordan,JOR,2026/12/31,1.57,,,3.19
Jordan,JOR,2027/12/31,1.81,,,3.0
Kazakhstan,KAZ,2019/12/31,5.28,,9.15,4.48
Kazakhstan,KAZ,2020/12/31,6.76,,9.41,-2.53
Kazakhstan,KAZ,2021/12/31,8.0,,9.23,4.0
Kazakhstan,KAZ,2022/12/31,14.99,,13.85,3.21
Kazakhstan,KAZ,2023/03/31,,473.62,,
Kazakhstan,KAZ,2023/06/30,,470.05,,
Kazakhstan,KAZ,2023/09/30,,485.79,,
Kazakhstan,KAZ,2023/12/31,14.52,503.88,16.53,5.09
Kazakhstan,KAZ,2024/03/31,,488.38,,
Kazakhstan,KAZ,2024/06/30,,484.24,,
Kazakhstan,KAZ,2024/09/30,,517.81,,
Kazakhstan,KAZ,2024/12/31,8.68,541.22,14.67,4.72
Kazakhstan,KAZ,2025/03/31,,547.21,,
Kazakhstan,KAZ,2025/06/30,,559.0,,
Kazakhstan,KAZ,2025/09/30,,592.78,,
Kazakhstan,KAZ,2025/12/31,11.38,611.02,16.45,6.37
Kazakhstan,KAZ,2026/12/31,11.62,,,3.99
Kazakhstan,KAZ,2027/12/31,8.31,,,3.24
Kenya,KEN,2019/12/31,5.19,,8.95,5.1
Kenya,KEN,2020/12/31,5.35,,7.32,-0.3
Kenya,KEN,2021/12/31,6.11,,7.0,7.59
Kenya,KEN,2022/12/31,7.66,,7.54,4.85
Kenya,KEN,2023/03/31,,131.66,,
Kenya,KEN,2023/06/30,,143.81,,
Kenya,KEN,2023/09/30,,153.93,,
Kenya,KEN,2023/12/31,7.67,164.33,9.99,5.73
Kenya,KEN,2024/03/31,,162.44,,
Kenya,KEN,2024/06/30,,141.94,,
Kenya,KEN,2024/09/30,,140.2,,
Kenya,KEN,2024/12/31,4.49,139.83,12.62,4.73
Kenya,KEN,2025/03/31,,138.85,,
Kenya,KEN,2025/06/30,,140.72,,
Kenya,KEN,2025/09/30,,142.84,,
Kenya,KEN,2025/12/31,4.07,145.92,9.94,4.86
Kenya,KEN,2026/12/31,4.44,,,4.58
Kenya,KEN,2027/12/31,5.21,,,4.19
Kiribati,KIR,2019/12/31,-1.81,,,3.26
Kiribati,KIR,2020/12/31,2.55,,,-1.47
Kiribati,KIR,2021/12/31,2.05,,,8.48
Kiribati,KIR,2022/12/31,5.35,,,4.57
Kiribati,KIR,2023/03/31,,1.63,,
Kiribati,KIR,2023/06/30,,1.63,,
Kiribati,KIR,2023/09/30,,1.63,,
Kiribati,KIR,2023/12/31,9.28,1.63,,2.65
Kiribati,KIR,2024/03/31,,1.64,,
Kiribati,KIR,2024/06/30,,1.64,,
Kiribati,KIR,2024/09/30,,1.64,,
Kiribati,KIR,2024/12/31,3.4,1.64,,-0.86
Kiribati,KIR,2025/03/31,,1.75,,
Kiribati,KIR,2025/06/30,,1.75,,
Kiribati,KIR,2025/09/30,,1.75,,
Kiribati,KIR,2025/12/31,3.26,1.75,,-5.83
Kiribati,KIR,2026/12/31,2.86,,,-3.02
Kiribati,KIR,2027/12/31,2.54,,,-0.74
Kosovo,KVO,2019/12/31,2.67,,0.0,4.8
Kosovo,KVO,2020/12/31,0.2,,0.0,-5.3
Kosovo,KVO,2021/12/31,3.35,,0.0,10.7
Kosovo,KVO,2022/12/31,11.58,,2.5,4.3
Kosovo,KVO,2023/03/31,,1.17,,
Kosovo,KVO,2023/06/30,,1.17,,
Kosovo,KVO,2023/09/30,,1.17,,
Kosovo,KVO,2023/12/31,4.94,1.17,4.5,4.1
Kosovo,KVO,2024/03/31,,1.17,,
Kosovo,KVO,2024/06/30,,1.17,,
Kosovo,KVO,2024/09/30,,1.17,,
Kosovo,KVO,2024/12/31,1.62,1.17,3.15,4.6
Kosovo,KVO,2025/03/31,,1.28,,
Kosovo,KVO,2025/06/30,,1.28,,
Kosovo,KVO,2025/09/30,,1.28,,
Kosovo,KVO,2025/12/31,3.56,1.28,2.15,3.89
Kosovo,KVO,2026/12/31,2.75,,,3.96
Kosovo,KVO,2027/12/31,2.01,,,3.95
Kuwait,KWT,2019/12/31,1.09,,2.96,2.26
Kuwait,KWT,2020/12/31,2.1,,1.75,-4.82
Kuwait,KWT,2021/12/31,3.42,,1.5,1.67
Kuwait,KWT,2022/12/31,3.98,,2.3,6.76
Kuwait,KWT,2023/03/31,,0.33,,
Kuwait,KWT,2023/06/30,,0.33,,
Kuwait,KWT,2023/09/30,,0.33,,
Kuwait,KWT,2023/12/31,3.64,0.33,4.07,-1.67
Kuwait,KWT,2024/03/31,,0.33,,
Kuwait,KWT,2024/06/30,,0.33,,
Kuwait,KWT,2024/09/30,,0.33,,
Kuwait,KWT,2024/12/31,2.9,0.33,4.18,-2.56
Kuwait,KWT,2025/03/31,,0.35,,
Kuwait,KWT,2025/06/30,,0.35,,
Kuwait,KWT,2025/09/30,,0.35,,
Kuwait,KWT,2025/12/31,2.41,0.35,3.92,2.01
Kuwait,KWT,2026/12/31,2.51,,,3.44
Kuwait,KWT,2027/12/31,2.5,,,2.69
Kyrgyzstan,KYR,2019/12/31,1.15,,4.25,4.6
Kyrgyzstan,KYR,2020/12/31,6.31,,5.0,-7.1
Kyrgyzstan,KYR,2021/12/31,11.91,,8.0,5.5
Kyrgyzstan,KYR,2022/12/31,13.92,,13.0,9.0
Kyrgyzstan,KYR,2023/03/31,,95.0,,
Kyrgyzstan,KYR,2023/06/30,,95.0,,
Kyrgyzstan,KYR,2023/09/30,,95.0,,
Kyrgyzstan,KYR,2023/12/31,10.74,95.0,13.0,9.0
Kyrgyzstan,KYR,2024/03/31,,94.32,,
Kyrgyzstan,KYR,2024/06/30,,94.32,,
Kyrgyzstan,KYR,2024/09/30,,94.32,,
Kyrgyzstan,KYR,2024/12/31,5.0,94.32,9.0,9.0
Kyrgyzstan,KYR,2025/03/31,,98.76,,
Kyrgyzstan,KYR,2025/06/30,,98.76,,
Kyrgyzstan,KYR,2025/09/30,,98.76,,
Kyrgyzstan,KYR,2025/12/31,8.04,98.76,10.0,8.97
Kyrgyzstan,KYR,2026/12/31,5.17,,,6.57
Kyrgyzstan,KYR,2027/12/31,5.0,,,5.15
Lao PDR,LAO,2019/12/31,3.32,,4.0,5.46
Lao PDR,LAO,2020/12/31,5.1,,3.24,3.28
Lao PDR,LAO,2021/12/31,3.76,,3.0,3.48
Lao PDR,LAO,2022/12/31,22.96,,3.83,4.42
Lao PDR,LAO,2023/03/31,,19127.09,,
Lao PDR,LAO,2023/06/30,,19127.09,,
Lao PDR,LAO,2023/09/30,,19127.09,,
Lao PDR,LAO,2023/12/31,31.23,19127.09,7.38,4.21
Lao PDR,LAO,2024/03/31,,21826.03,,
Lao PDR,LAO,2024/06/30,,21826.03,,
Lao PDR,LAO,2024/09/30,,21826.03,,
Lao PDR,LAO,2024/12/31,23.13,21826.03,9.32,4.35
Lao PDR,LAO,2025/03/31,,23712.41,,
Lao PDR,LAO,2025/06/30,,23712.41,,
Lao PDR,LAO,2025/09/30,,23712.41,,
Lao PDR,LAO,2025/12/31,8.14,23712.41,9.24,3.31
Lao PDR,LAO,2026/12/31,7.34,,,3.23
Lao PDR,LAO,2027/12/31,6.66,,,3.93
Latvia,LVA,2019/12/31,2.82,,0.0,1.06
Latvia,LVA,2020/12/31,0.21,,0.0,-3.23
Latvia,LVA,2021/12/31,3.28,,0.0,6.66
Latvia,LVA,2022/12/31,17.3,,0.58,2.51
Latvia,LVA,2023/03/31,,0.7,,
Latvia,LVA,2023/06/30,,0.7,,
Latvia,LVA,2023/09/30,,0.7,,
Latvia,LVA,2023/12/31,8.95,0.7,3.81,-1.08
Latvia,LVA,2024/03/31,,0.7,,
Latvia,LVA,2024/06/30,,0.7,,
Latvia,LVA,2024/09/30,,0.7,,
Latvia,LVA,2024/12/31,1.26,0.7,4.14,-0.32
Latvia,LVA,2025/03/31,,0.7,,
Latvia,LVA,2025/06/30,,0.7,,
Latvia,LVA,2025/09/30,,0.7,,
Latvia,LVA,2025/12/31,3.79,0.7,2.41,1.19
Latvia,LVA,2026/12/31,2.7,,,2.01
Latvia,LVA,2027/12/31,2.43,,,2.58
Lebanon,LBN,2019/12/31,2.89,,10.0,-6.91
Lebanon,LBN,2020/12/31,84.88,,10.0,-21.4
Lebanon,LBN,2021/12/31,154.76,,10.0,-7.0
Lebanon,LBN,2022/12/31,171.2,,10.0,-0.62
Lebanon,LBN,2023/03/31,,15003.81,,
Lebanon,LBN,2023/06/30,,15003.81,,
Lebanon,LBN,2023/09/30,,15003.81,,
Lebanon,LBN,2023/12/31,221.34,15003.81,20.0,-0.76
Lebanon,LBN,2024/03/31,,96861.09,,
Lebanon,LBN,2024/06/30,,96861.09,,
Lebanon,LBN,2024/09/30,,96861.09,,
Lebanon,LBN,2024/12/31,45.24,96861.09,20.0,-2.08
Lebanon,LBN,2025/03/31,,101082.3,,
Lebanon,LBN,2025/06/30,,101082.3,,
Lebanon,LBN,2025/09/30,,101082.3,,
Lebanon,LBN,2025/12/31,14.73,101082.3,20.0,1.71
Lebanon,LBN,2026/12/31,16.09,,,4.15
Lebanon,LBN,2027/12/31,11.49,,,4.19
Lesotho,LSO,2019/12/31,5.18,,6.63,-1.21
Lesotho,LSO,2020/12/31,4.98,,4.13,-8.19
Lesotho,LSO,2021/12/31,6.05,,3.54,2.38
Lesotho,LSO,2022/12/31,8.28,,5.27,2.34
Lesotho,LSO,2023/03/31,,19.97,,
Lesotho,LSO,2023/06/30,,19.97,,
Lesotho,LSO,2023/09/30,,19.97,,
Lesotho,LSO,2023/12/31,6.35,19.97,7.58,1.66
Lesotho,LSO,2024/03/31,,19.84,,
Lesotho,LSO,2024/06/30,,19.84,,
Lesotho,LSO,2024/09/30,,19.84,,
Lesotho,LSO,2024/12/31,6.11,19.84,7.71,5.15
Lesotho,LSO,2025/03/31,,20.21,,
Lesotho,LSO,2025/06/30,,20.21,,
Lesotho,LSO,2025/09/30,,20.21,,
Lesotho,LSO,2025/12/31,4.29,20.21,7.02,3.73
Lesotho,LSO,2026/12/31,3.99,,,1.13
Lesotho,LSO,2027/12/31,4.08,,,1.79
Liberia,LBR,2019/12/31,26.97,,8.0,-2.47
Liberia,LBR,2020/12/31,16.96,,26.67,-2.98
Liberia,LBR,2021/12/31,7.82,,22.92,4.99
Liberia,LBR,2022/12/31,7.59,,17.92,4.81
Liberia,LBR,2023/03/31,,189.24,,
Liberia,LBR,2023/06/30,,189.24,,
Liberia,LBR,2023/09/30,,189.24,,
Liberia,LBR,2023/12/31,10.09,189.24,16.88,4.68
Liberia,LBR,2024/03/31,,207.16,,
Liberia,LBR,2024/06/30,,207.16,,
Liberia,LBR,2024/09/30,,207.16,,
Liberia,LBR,2024/12/31,8.22,207.16,18.88,4.79
Liberia,LBR,2025/03/31,,225.1,,
Liberia,LBR,2025/06/30,,225.1,,
Liberia,LBR,2025/09/30,,225.1,,
Liberia,LBR,2025/12/31,9.39,225.1,17.14,5.0
Liberia,LBR,2026/12/31,7.41,,,4.93
Liberia,LBR,2027/12/31,7.07,,,4.32
Libya,LBY,2019/12/31,-2.16,,3.0,-11.2
Libya,LBY,2020/12/31,1.45,,3.0,-50.13
Libya,LBY,2021/12/31,2.87,,3.0,28.3
Libya,LBY,2022/12/31,4.51,,3.0,-12.1
Libya,LBY,2023/03/31,,5.2,,
Libya,LBY,2023/06/30,,5.2,,
Libya,LBY,2023/09/30,,5.2,,
Libya,LBY,2023/12/31,2.37,5.2,3.0,10.16
Libya,LBY,2024/03/31,,5.23,,
Libya,LBY,2024/06/30,,5.23,,
Libya,LBY,2024/09/30,,5.23,,
Libya,LBY,2024/12/31,2.13,5.23,3.0,2.56
Libya,LBY,2025/03/31,,6.01,,
Libya,LBY,2025/06/30,,6.01,,
Libya,LBY,2025/09/30,,6.01,,
Libya,LBY,2025/12/31,1.83,6.01,3.0,12.6
Libya,LBY,2026/12/31,2.28,,,9.41
Libya,LBY,2027/12/31,2.24,,,5.85
Lithuania,LTU,2019/12/31,2.33,,0.0,4.72
Lithuania,LTU,2020/12/31,1.2,,0.0,0.05
Lithuania,LTU,2021/12/31,4.68,,0.0,6.38
Lithuania,LTU,2022/12/31,19.71,,0.58,2.44
Lithuania,LTU,2023/03/31,,3.45,,
Lithuania,LTU,2023/06/30,,3.45,,
Lithuania,LTU,2023/09/30,,3.45,,
Lithuania,LTU,2023/12/31,9.12,3.45,3.81,0.83
Lithuania,LTU,2024/03/31,,3.45,,
Lithuania,LTU,2024/06/30,,3.45,,
Lithuania,LTU,2024/09/30,,3.45,,
Lithuania,LTU,2024/12/31,0.72,3.45,4.14,2.98
Lithuania,LTU,2025/03/31,,3.45,,
Lithuania,LTU,2025/06/30,,3.45,,
Lithuania,LTU,2025/09/30,,3.45,,
Lithuania,LTU,2025/12/31,3.79,3.45,2.41,2.45
Lithuania,LTU,2026/12/31,1.47,,,2.02
Lithuania,LTU,2027/12/31,1.64,,,2.17
Luxembourg,LUX,2019/12/31,1.74,,0.0,2.76
Luxembourg,LUX,2020/12/31,0.82,,0.0,-0.48
Luxembourg,LUX,2021/12/31,2.53,,0.0,6.93
Luxembourg,LUX,2022/12/31,6.34,,0.58,-1.08
Luxembourg,LUX,2023/03/31,,40.34,,
Luxembourg,LUX,2023/06/30,,40.34,,
Luxembourg,LUX,2023/09/30,,40.34,,
Luxembourg,LUX,2023/12/31,3.74,40.34,3.81,0.09
Luxembourg,LUX,2024/03/31,,40.34,,
Luxembourg,LUX,2024/06/30,,40.34,,
Luxembourg,LUX,2024/09/30,,40.34,,
Luxembourg,LUX,2024/12/31,2.05,40.34,4.14,0.34
Luxembourg,LUX,2025/03/31,,40.34,,
Luxembourg,LUX,2025/06/30,,40.34,,
Luxembourg,LUX,2025/09/30,,40.34,,
Luxembourg,LUX,2025/12/31,2.28,40.34,2.41,0.65
Luxembourg,LUX,2026/12/31,1.8,,,1.67
Luxembourg,LUX,2027/12/31,1.82,,,1.97
"Macao,  China",MAC,2019/12/31,2.75,,,-2.56
"Macao,  China",MAC,2020/12/31,0.81,,,-54.34
"Macao,  China",MAC,2021/12/31,0.03,,,23.54
"Macao,  China",MAC,2022/12/31,1.04,,,-19.61
"Macao,  China",MAC,2023/03/31,,8.72,,
"Macao,  China",MAC,2023/06/30,,8.72,,
"Macao,  China",MAC,2023/09/30,,8.72,,
"Macao,  China",MAC,2023/12/31,0.94,8.72,,75.06
"Macao,  China",MAC,2024/03/31,,8.7,,
"Macao,  China",MAC,2024/06/30,,8.7,,
"Macao,  China",MAC,2024/09/30,,8.7,,
"Macao,  China",MAC,2024/12/31,0.74,8.7,,8.81
"Macao,  China",MAC,2025/03/31,,9.07,,
"Macao,  China",MAC,2025/06/30,,9.07,,
"Macao,  China",MAC,2025/09/30,,9.07,,
"Macao,  China",MAC,2025/12/31,0.52,9.07,,2.69
"Macao,  China",MAC,2026/12/31,1.28,,,2.84
"Macao,  China",MAC,2027/12/31,1.79,,,3.25
Madagascar,MDG,2019/12/31,5.61,,10.0,4.41
Madagascar,MDG,2020/12/31,4.2,,9.5,-7.14
Madagascar,MDG,2021/12/31,5.81,,9.5,4.65
Madagascar,MDG,2022/12/31,8.16,,11.0,4.16
Madagascar,MDG,2023/03/31,,4789.73,,
Madagascar,MDG,2023/06/30,,4789.73,,
Madagascar,MDG,2023/09/30,,4789.73,,
Madagascar,MDG,2023/12/31,9.87,4789.73,11.0,4.2
Madagascar,MDG,2024/03/31,,4897.63,,
Madagascar,MDG,2024/06/30,,4897.63,,
Madagascar,MDG,2024/09/30,,4897.63,,
Madagascar,MDG,2024/12/31,7.76,4897.63,11.5,4.2
Madagascar,MDG,2025/03/31,,5148.79,,
Madagascar,MDG,2025/06/30,,5148.79,,
Madagascar,MDG,2025/09/30,,5148.79,,
Madagascar,MDG,2025/12/31,9.13,5148.79,12.0,3.02
Madagascar,MDG,2026/12/31,6.77,,,4.43
Madagascar,MDG,2027/12/31,6.22,,,5.14
Malawi,MWI,2019/12/31,9.38,,13.83,5.45
Malawi,MWI,2020/12/31,8.64,,13.25,1.01
Malawi,MWI,2021/12/31,9.34,,12.0,4.56
Malawi,MWI,2022/12/31,20.84,,14.33,0.92
Malawi,MWI,2023/03/31,,1255.5,,
Malawi,MWI,2023/06/30,,1255.5,,
Malawi,MWI,2023/09/30,,1255.5,,
Malawi,MWI,2023/12/31,28.78,1255.5,22.0,1.89
Malawi,MWI,2024/03/31,,1876.92,,
Malawi,MWI,2024/06/30,,1876.92,,
Malawi,MWI,2024/09/30,,1876.92,,
Malawi,MWI,2024/12/31,32.18,1876.92,25.83,1.8
Malawi,MWI,2025/03/31,,1958.31,,
Malawi,MWI,2025/06/30,,1958.31,,
Malawi,MWI,2025/09/30,,1958.31,,
Malawi,MWI,2025/12/31,28.37,1958.31,26.0,2.11
Malawi,MWI,2026/12/31,34.75,,,2.21
Malawi,MWI,2027/12/31,20.5,,,4.72
Malaysia,MYS,2019/12/31,0.66,,3.09,4.41
Malaysia,MYS,2020/12/31,-1.14,,2.11,-5.46
Malaysia,MYS,2021/12/31,2.48,,1.75,3.32
Malaysia,MYS,2022/12/31,3.38,,2.15,9.03
Malaysia,MYS,2023/03/31,,4.71,,
Malaysia,MYS,2023/06/30,,4.93,,
Malaysia,MYS,2023/09/30,,5.04,,
Malaysia,MYS,2023/12/31,2.49,5.05,2.92,3.54
Malaysia,MYS,2024/03/31,,5.13,,
Malaysia,MYS,2024/06/30,,5.09,,
Malaysia,MYS,2024/09/30,,4.89,,
Malaysia,MYS,2024/12/31,1.83,4.7,3.0,5.11
Malaysia,MYS,2025/03/31,,4.68,,
Malaysia,MYS,2025/06/30,,4.88,,
Malaysia,MYS,2025/09/30,,4.94,,
Malaysia,MYS,2025/12/31,1.38,4.83,2.88,4.94
Malaysia,MYS,2026/12/31,1.66,,,4.34
Malaysia,MYS,2027/12/31,1.82,,,4.28
Maldives,MDV,2019/12/31,0.22,,,7.08
Maldives,MDV,2020/12/31,-1.37,,,-33.87
Maldives,MDV,2021/12/31,0.55,,,39.34
Maldives,MDV,2022/12/31,2.33,,,14.0
Maldives,MDV,2023/03/31,,16.64,,
Maldives,MDV,2023/06/30,,16.64,,
Maldives,MDV,2023/09/30,,16.64,,
Maldives,MDV,2023/12/31,2.93,16.64,,4.76
Maldives,MDV,2024/03/31,,16.65,,
Maldives,MDV,2024/06/30,,16.65,,
Maldives,MDV,2024/09/30,,16.65,,
Maldives,MDV,2024/12/31,1.4,16.65,,3.16
Maldives,MDV,2025/03/31,,17.41,,
Maldives,MDV,2025/06/30,,17.41,,
Maldives,MDV,2025/09/30,,17.41,,
Maldives,MDV,2025/12/31,4.75,17.41,,4.45
Maldives,MDV,2026/12/31,2.84,,,4.46
Maldives,MDV,2027/12/31,2.37,,,4.01
Mali,MLI,2019/12/31,-3.02,,2.5,5.0
Mali,MLI,2020/12/31,0.47,,2.24,-1.17
Mali,MLI,2021/12/31,3.89,,2.0,3.1
Mali,MLI,2022/12/31,9.66,,2.22,3.51
Mali,MLI,2023/03/31,,655.89,,
Mali,MLI,2023/06/30,,655.89,,
Mali,MLI,2023/09/30,,655.89,,
Mali,MLI,2023/12/31,2.06,655.89,3.03,4.72
Mali,MLI,2024/03/31,,656.21,,
Mali,MLI,2024/06/30,,656.21,,
Mali,MLI,2024/09/30,,656.21,,
Mali,MLI,2024/12/31,3.21,656.21,3.5,5.0
Mali,MLI,2025/03/31,,657.11,,
Mali,MLI,2025/06/30,,657.11,,
Mali,MLI,2025/09/30,,657.11,,
Mali,MLI,2025/12/31,4.57,657.11,3.25,4.95
Mali,MLI,2026/12/31,2.09,,,4.26
Mali,MLI,2027/12/31,2.0,,,3.72
Malta,MLT,2019/12/31,1.52,,0.0,4.14
Malta,MLT,2020/12/31,0.79,,0.0,-3.42
Malta,MLT,2021/12/31,0.71,,0.0,13.22
Malta,MLT,2022/12/31,6.13,,0.58,2.63
Malta,MLT,2023/03/31,,0.43,,
Malta,MLT,2023/06/30,,0.43,,
Malta,MLT,2023/09/30,,0.43,,
Malta,MLT,2023/12/31,5.56,0.43,3.81,10.6
Malta,MLT,2024/03/31,,0.43,,
Malta,MLT,2024/06/30,,0.43,,
Malta,MLT,2024/09/30,,0.43,,
Malta,MLT,2024/12/31,2.44,0.43,4.14,7.01
Malta,MLT,2025/03/31,,0.43,,
Malta,MLT,2025/06/30,,0.43,,
Malta,MLT,2025/09/30,,0.43,,
Malta,MLT,2025/12/31,2.4,0.43,2.41,3.05
Malta,MLT,2026/12/31,2.2,,,2.99
Malta,MLT,2027/12/31,2.06,,,2.78
Martinique,MTQ,2019/12/31,1.17,,,-1.9
Martinique,MTQ,2020/12/31,0.46,,,-3.7
Martinique,MTQ,2021/12/31,1.5,,,2.6
Martinique,MTQ,2022/12/31,4.54,,,5.6
Martinique,MTQ,2023/03/31,,6.56,,
Martinique,MTQ,2023/06/30,,6.56,,
Martinique,MTQ,2023/09/30,,6.56,,
Martinique,MTQ,2023/12/31,3.34,6.56,,0.4
Martinique,MTQ,2024/03/31,,6.56,,
Martinique,MTQ,2024/06/30,,6.56,,
Martinique,MTQ,2024/09/30,,6.56,,
Martinique,MTQ,2024/12/31,2.8,6.56,,0.47
Martinique,MTQ,2025/03/31,,6.56,,
Martinique,MTQ,2025/06/30,,6.56,,
Martinique,MTQ,2025/09/30,,6.56,,
Martinique,MTQ,2025/12/31,2.67,6.56,,0.78
Martinique,MTQ,2026/12/31,2.29,,,1.29
Martinique,MTQ,2027/12/31,2.13,,,1.98
Mauritania,MRT,2019/12/31,2.3,,6.5,3.14
Mauritania,MRT,2020/12/31,2.39,,5.38,-0.36
Mauritania,MRT,2021/12/31,3.57,,5.0,0.74
Mauritania,MRT,2022/12/31,9.53,,5.92,6.8
Mauritania,MRT,2023/03/31,,39.46,,
Mauritania,MRT,2023/06/30,,39.46,,
Mauritania,MRT,2023/09/30,,39.46,,
Mauritania,MRT,2023/12/31,4.95,39.46,8.0,6.51
Mauritania,MRT,2024/03/31,,42.79,,
Mauritania,MRT,2024/06/30,,42.79,,
Mauritania,MRT,2024/09/30,,42.79,,
Mauritania,MRT,2024/12/31,2.49,42.79,7.9,5.2
Mauritania,MRT,2025/03/31,,45.08,,
Mauritania,MRT,2025/06/30,,45.08,,
Mauritania,MRT,2025/09/30,,45.08,,
Mauritania,MRT,2025/12/31,1.3,45.08,6.4,4.56
Mauritania,MRT,2026/12/31,1.99,,,4.64
Mauritania,MRT,2027/12/31,2.73,,,4.81
Mauritius,MUS,2019/12/31,0.43,,3.44,1.47
Mauritius,MUS,2020/12/31,2.52,,2.24,-14.37
Mauritius,MUS,2021/12/31,4.04,,1.85,3.33
Mauritius,MUS,2022/12/31,10.79,,2.5,8.51
Mauritius,MUS,2023/03/31,,48.88,,
Mauritius,MUS,2023/06/30,,49.59,,
Mauritius,MUS,2023/09/30,,49.54,,
Mauritius,MUS,2023/12/31,7.05,47.79,4.5,4.79
Mauritius,MUS,2024/03/31,,49.54,,
Mauritius,MUS,2024/06/30,,50.24,,
Mauritius,MUS,2024/09/30,,51.18,,
Mauritius,MUS,2024/12/31,3.57,49.96,4.36,4.92
Mauritius,MUS,2025/03/31,,48.94,,
Mauritius,MUS,2025/06/30,,51.76,,
Mauritius,MUS,2025/09/30,,53.5,,
Mauritius,MUS,2025/12/31,3.77,52.55,4.45,3.51
Mauritius,MUS,2026/12/31,3.48,,,3.36
Mauritius,MUS,2027/12/31,3.37,,,3.34
Mexico,MEX,2019/12/31,3.64,,8.05,-0.39
Mexico,MEX,2020/12/31,3.4,,5.46,-8.56
Mexico,MEX,2021/12/31,5.69,,4.37,6.28
Mexico,MEX,2022/12/31,7.9,,7.64,3.71
Mexico,MEX,2023/03/31,,20.01,,
Mexico,MEX,2023/06/30,,19.24,,
Mexico,MEX,2023/09/30,,18.58,,
Mexico,MEX,2023/12/31,5.53,18.88,11.13,3.11
Mexico,MEX,2024/03/31,,18.43,,
Mexico,MEX,2024/06/30,,18.56,,
Mexico,MEX,2024/09/30,,20.83,,
Mexico,MEX,2024/12/31,4.72,21.45,10.86,1.12
Mexico,MEX,2025/03/31,,21.49,,
Mexico,MEX,2025/06/30,,22.1,,
Mexico,MEX,2025/09/30,,21.76,,
Mexico,MEX,2025/12/31,3.81,21.29,8.4,0.6
Mexico,MEX,2026/12/31,3.82,,,1.37
Mexico,MEX,2027/12/31,3.57,,,2.09
Moldova,MDA,2019/12/31,4.84,,5.5,3.58
Moldova,MDA,2020/12/31,3.77,,2.65,-8.17
Moldova,MDA,2021/12/31,5.11,,6.5,13.83
Moldova,MDA,2022/12/31,28.74,,20.0,-4.56
Moldova,MDA,2023/03/31,,19.64,,
Moldova,MDA,2023/06/30,,19.64,,
Moldova,MDA,2023/09/30,,19.64,,
Moldova,MDA,2023/12/31,13.42,19.64,4.75,0.65
Moldova,MDA,2024/03/31,,19.26,,
Moldova,MDA,2024/06/30,,19.26,,
Moldova,MDA,2024/09/30,,19.26,,
Moldova,MDA,2024/12/31,4.68,19.26,3.6,0.09
Moldova,MDA,2025/03/31,,19.53,,
Moldova,MDA,2025/06/30,,19.53,,
Moldova,MDA,2025/09/30,,19.53,,
Moldova,MDA,2025/12/31,7.86,19.53,6.0,1.99
Moldova,MDA,2026/12/31,5.07,,,2.28
Moldova,MDA,2027/12/31,5.67,,,3.36
Mongolia,MON,2019/12/31,7.3,,11.0,5.47
Mongolia,MON,2020/12/31,3.72,,6.0,-4.36
Mongolia,MON,2021/12/31,7.36,,6.0,1.62
Mongolia,MON,2022/12/31,15.15,,13.0,4.95
Mongolia,MON,2023/03/31,,3747.53,,
Mongolia,MON,2023/06/30,,3747.53,,
Mongolia,MON,2023/09/30,,3747.53,,
Mongolia,MON,2023/12/31,10.35,3747.53,13.0,7.21
Mongolia,MON,2024/03/31,,3668.8,,
Mongolia,MON,2024/06/30,,3668.8,,
Mongolia,MON,2024/09/30,,3668.8,,
Mongolia,MON,2024/12/31,6.21,3668.8,10.0,5.05
Mongolia,MON,2025/03/31,,4007.88,,
Mongolia,MON,2025/06/30,,4007.88,,
Mongolia,MON,2025/09/30,,4007.88,,
Mongolia,MON,2025/12/31,9.04,4007.88,12.0,5.5
Mongolia,MON,2026/12/31,7.91,,,6.62
Mongolia,MON,2027/12/31,7.01,,,5.82
Montenegro,MNE,2019/12/31,0.36,,0.0,4.4
Montenegro,MNE,2020/12/31,-0.26,,0.0,-15.0
Montenegro,MNE,2021/12/31,2.41,,0.0,13.0
Montenegro,MNE,2022/12/31,13.04,,2.5,7.7
Montenegro,MNE,2023/03/31,,1.17,,
Montenegro,MNE,2023/06/30,,1.17,,
Montenegro,MNE,2023/09/30,,1.17,,
Montenegro,MNE,2023/12/31,8.58,1.17,4.5,6.5
Montenegro,MNE,2024/03/31,,1.17,,
Montenegro,MNE,2024/06/30,,1.17,,
Montenegro,MNE,2024/09/30,,1.17,,
Montenegro,MNE,2024/12/31,3.33,1.17,3.15,3.2
Montenegro,MNE,2025/03/31,,1.28,,
Montenegro,MNE,2025/06/30,,1.28,,
Montenegro,MNE,2025/09/30,,1.28,,
Montenegro,MNE,2025/12/31,4.3,1.28,2.41,3.14
Montenegro,MNE,2026/12/31,3.27,,,3.0
Montenegro,MNE,2027/12/31,1.97,,,2.81
Morocco,MAR,2019/12/31,0.25,,2.25,2.89
Morocco,MAR,2020/12/31,0.62,,1.79,-7.18
Morocco,MAR,2021/12/31,1.4,,1.5,8.15
Morocco,MAR,2022/12/31,6.66,,1.65,1.81
Morocco,MAR,2023/03/31,,10.96,,
Morocco,MAR,2023/06/30,,10.96,,
Morocco,MAR,2023/09/30,,10.96,,
Morocco,MAR,2023/12/31,6.09,10.96,2.89,3.66
Morocco,MAR,2024/03/31,,10.76,,
Morocco,MAR,2024/06/30,,10.76,,
Morocco,MAR,2024/09/30,,10.76,,
Morocco,MAR,2024/12/31,0.99,10.76,2.87,3.79
Morocco,MAR,2025/03/31,,10.59,,
Morocco,MAR,2025/06/30,,10.59,,
Morocco,MAR,2025/09/30,,10.59,,
Morocco,MAR,2025/12/31,1.0,10.59,2.3,4.62
Morocco,MAR,2026/12/31,1.25,,,3.87
Morocco,MAR,2027/12/31,1.84,,,3.12
Mozambique,MOZ,2019/12/31,5.69,,13.54,2.36
Mozambique,MOZ,2020/12/31,0.92,,11.16,-1.11
Mozambique,MOZ,2021/12/31,6.62,,13.03,2.51
Mozambique,MOZ,2022/12/31,10.39,,15.27,4.27
Mozambique,MOZ,2023/03/31,,68.54,,
Mozambique,MOZ,2023/06/30,,69.54,,
Mozambique,MOZ,2023/09/30,,69.54,,
Mozambique,MOZ,2023/12/31,6.98,68.69,17.25,5.37
Mozambique,MOZ,2024/03/31,,69.38,,
Mozambique,MOZ,2024/06/30,,68.81,,
Mozambique,MOZ,2024/09/30,,70.2,,
Mozambique,MOZ,2024/12/31,3.2,68.26,14.99,1.88
Mozambique,MOZ,2025/03/31,,67.25,,
Mozambique,MOZ,2025/06/30,,72.46,,
Mozambique,MOZ,2025/09/30,,74.67,,
Mozambique,MOZ,2025/12/31,4.45,74.37,11.01,1.43
Mozambique,MOZ,2026/12/31,4.82,,,2.53
Mozambique,MOZ,2027/12/31,8.43,,,3.95
Myanmar,MMR,2019/12/31,8.83,,10.0,6.75
Myanmar,MMR,2020/12/31,3.79,,7.0,-1.2
Myanmar,MMR,2021/12/31,6.24,,7.0,-10.49
Myanmar,MMR,2022/12/31,19.39,,7.0,-3.97
Myanmar,MMR,2023/03/31,,2270.82,,
Myanmar,MMR,2023/06/30,,2270.82,,
Myanmar,MMR,2023/09/30,,2270.82,,
Myanmar,MMR,2023/12/31,21.58,2270.82,7.0,2.54
Myanmar,MMR,2024/03/31,,2274.04,,
Myanmar,MMR,2024/06/30,,2274.04,,
Myanmar,MMR,2024/09/30,,2274.04,,
Myanmar,MMR,2024/12/31,23.21,2274.04,9.0,0.42
Myanmar,MMR,2025/03/31,,2411.65,,
Myanmar,MMR,2025/06/30,,2411.65,,
Myanmar,MMR,2025/09/30,,2411.65,,
Myanmar,MMR,2025/12/31,28.26,2411.65,10.0,0.72
Myanmar,MMR,2026/12/31,21.56,,,0.76
Myanmar,MMR,2027/12/31,10.91,,,-0.32
Namibia,NAM,2019/12/31,3.7,,6.65,-0.84
Namibia,NAM,2020/12/31,2.22,,4.56,-8.1
Namibia,NAM,2021/12/31,3.64,,3.75,3.6
Namibia,NAM,2022/12/31,6.07,,4.89,5.4
Namibia,NAM,2023/03/31,,19.97,,
Namibia,NAM,2023/06/30,,19.97,,
Namibia,NAM,2023/09/30,,19.97,,
Namibia,NAM,2023/12/31,5.88,19.97,7.42,4.44
Namibia,NAM,2024/03/31,,19.84,,
Namibia,NAM,2024/06/30,,19.84,,
Namibia,NAM,2024/09/30,,19.84,,
Namibia,NAM,2024/12/31,4.24,19.84,7.58,3.71
Namibia,NAM,2025/03/31,,20.21,,
Namibia,NAM,2025/06/30,,20.21,,
Namibia,NAM,2025/09/30,,20.21,,
Namibia,NAM,2025/12/31,3.51,20.21,6.73,1.86
Namibia,NAM,2026/12/31,3.27,,,2.75
Namibia,NAM,2027/12/31,3.48,,,3.39
Nepal,NPL,2019/12/31,5.57,,6.0,1.51
Nepal,NPL,2020/12/31,5.05,,5.0,0.58
Nepal,NPL,2021/12/31,4.15,,5.0,5.94
Nepal,NPL,2022/12/31,7.65,,8.5,3.7
Nepal,NPL,2023/03/31,,142.86,,
Nepal,NPL,2023/06/30,,142.86,,
Nepal,NPL,2023/09/30,,142.86,,
Nepal,NPL,2023/12/31,7.11,142.86,7.0,2.61
Nepal,NPL,2024/03/31,,144.73,,
Nepal,NPL,2024/06/30,,144.73,,
Nepal,NPL,2024/09/30,,144.73,,
Nepal,NPL,2024/12/31,4.69,144.73,6.5,4.19
Nepal,NPL,2025/03/31,,156.94,,
Nepal,NPL,2025/06/30,,156.94,,
Nepal,NPL,2025/09/30,,156.94,,
Nepal,NPL,2025/12/31,4.44,156.94,6.0,4.83
Nepal,NPL,2026/12/31,4.78,,,2.45
Nepal,NPL,2027/12/31,4.89,,,2.71
Netherlands,NLD,2019/12/31,2.63,,0.0,2.29
Netherlands,NLD,2020/12/31,1.27,,0.0,-3.83
Netherlands,NLD,2021/12/31,2.68,,0.0,6.21
Netherlands,NLD,2022/12/31,10.0,,0.58,5.01
Netherlands,NLD,2023/03/31,,2.2,,
Netherlands,NLD,2023/06/30,,2.2,,
Netherlands,NLD,2023/09/30,,2.2,,
Netherlands,NLD,2023/12/31,3.84,2.2,3.81,-0.58
Netherlands,NLD,2024/03/31,,2.2,,
Netherlands,NLD,2024/06/30,,2.2,,
Netherlands,NLD,2024/09/30,,2.2,,
Netherlands,NLD,2024/12/31,3.35,2.2,4.14,1.08
Netherlands,NLD,2025/03/31,,2.2,,
Netherlands,NLD,2025/06/30,,2.2,,
Netherlands,NLD,2025/09/30,,2.2,,
Netherlands,NLD,2025/12/31,3.2,2.2,2.41,1.87
Netherlands,NLD,2026/12/31,1.84,,,1.54
Netherlands,NLD,2027/12/31,2.09,,,1.29
New Zealand,NZL,2019/12/31,1.62,,1.39,3.3
New Zealand,NZL,2020/12/31,1.72,,0.41,-0.94
New Zealand,NZL,2021/12/31,3.94,,0.33,5.64
New Zealand,NZL,2022/12/31,7.18,,2.23,3.17
New Zealand,NZL,2023/03/31,,1.7,,
New Zealand,NZL,2023/06/30,,1.76,,
New Zealand,NZL,2023/09/30,,1.8,,
New Zealand,NZL,2023/12/31,5.73,1.78,5.19,2.07
New Zealand,NZL,2024/03/31,,1.77,,
New Zealand,NZL,2024/06/30,,1.78,,
New Zealand,NZL,2024/09/30,,1.8,,
New Zealand,NZL,2024/12/31,2.92,1.8,5.25,-0.33
New Zealand,NZL,2025/03/31,,1.85,,
New Zealand,NZL,2025/06/30,,1.93,,
New Zealand,NZL,2025/09/30,,1.97,,
New Zealand,NZL,2025/12/31,2.84,2.03,3.28,0.65
New Zealand,NZL,2026/12/31,2.08,,,2.03
New Zealand,NZL,2027/12/31,1.94,,,2.72
Nicaragua,NIC,2019/12/31,5.38,,,-2.95
Nicaragua,NIC,2020/12/31,3.68,,,-2.27
Nicaragua,NIC,2021/12/31,4.93,,,10.52
Nicaragua,NIC,2022/12/31,10.47,,,3.57
Nicaragua,NIC,2023/03/31,,39.4,,
Nicaragua,NIC,2023/06/30,,39.4,,
Nicaragua,NIC,2023/09/30,,39.4,,
Nicaragua,NIC,2023/12/31,8.39,39.4,,4.4
Nicaragua,NIC,2024/03/31,,39.64,,
Nicaragua,NIC,2024/06/30,,39.64,,
Nicaragua,NIC,2024/09/30,,39.64,,
Nicaragua,NIC,2024/12/31,4.63,39.64,,3.59
Nicaragua,NIC,2025/03/31,,41.36,,
Nicaragua,NIC,2025/06/30,,41.36,,
Nicaragua,NIC,2025/09/30,,41.36,,
Nicaragua,NIC,2025/12/31,2.28,41.36,,3.5
Nicaragua,NIC,2026/12/31,2.89,,,1.31
Nicaragua,NIC,2027/12/31,3.28,,,2.55
Niger,NER,2019/12/31,-2.5,,2.5,5.94
Niger,NER,2020/12/31,2.9,,2.24,3.55
Niger,NER,2021/12/31,3.82,,2.0,1.38
Niger,NER,2022/12/31,4.24,,2.22,11.9
Niger,NER,2023/03/31,,655.99,,
Niger,NER,2023/06/30,,655.99,,
Niger,NER,2023/09/30,,655.99,,
Niger,NER,2023/12/31,3.69,655.99,3.03,1.67
Niger,NER,2024/03/31,,656.03,,
Niger,NER,2024/06/30,,656.03,,
Niger,NER,2024/09/30,,656.03,,
Niger,NER,2024/12/31,9.07,656.03,3.5,8.42
Niger,NER,2025/03/31,,657.11,,
Niger,NER,2025/06/30,,657.11,,
Niger,NER,2025/09/30,,657.11,,
Niger,NER,2025/12/31,-2.55,657.11,3.25,7.04
Niger,NER,2026/12/31,2.73,,,5.48
Niger,NER,2027/12/31,3.53,,,4.63
Nigeria,NGA,2019/12/31,11.4,,13.62,5.69
Nigeria,NGA,2020/12/31,13.25,,12.8,-5.22
Nigeria,NGA,2021/12/31,16.95,,11.5,0.89
Nigeria,NGA,2022/12/31,18.85,,13.38,4.41
Nigeria,NGA,2023/03/31,,494.93,,
Nigeria,NGA,2023/06/30,,557.83,,
Nigeria,NGA,2023/09/30,,840.13,,
Nigeria,NGA,2023/12/31,24.66,906.14,18.24,3.88
Nigeria,NGA,2024/03/31,,1461.99,,
Nigeria,NGA,2024/06/30,,1501.68,,
Nigeria,NGA,2024/09/30,,1753.56,,
Nigeria,NGA,2024/12/31,33.24,1741.18,24.95,4.1
Nigeria,NGA,2025/03/31,,1607.71,,
Nigeria,NGA,2025/06/30,,1797.93,,
Nigeria,NGA,2025/09/30,,1779.79,,
Nigeria,NGA,2025/12/31,23.01,1691.8,27.36,4.07
Nigeria,NGA,2026/12/31,15.1,,,3.88
Nigeria,NGA,2027/12/31,12.06,,,3.46
North Korea,PRK,2019/12/31,-4.62,,,0.35
North Korea,PRK,2020/12/31,1.15,,,-4.53
North Korea,PRK,2021/12/31,5.73,,,-0.06
North Korea,PRK,2022/12/31,-7.95,,,-0.15
North Korea,PRK,2023/03/31,,118.91,,
North Korea,PRK,2023/06/30,,118.91,,
North Korea,PRK,2023/09/30,,118.91,,
North Korea,PRK,2023/12/31,7.69,118.91,,3.06
North Korea,PRK,2024/03/31,,120.25,,
North Korea,PRK,2024/06/30,,120.25,,
North Korea,PRK,2024/09/30,,120.25,,
North Korea,PRK,2024/12/31,1.15,120.25,,3.01
North Korea,PRK,2025/03/31,,126.72,,
North Korea,PRK,2025/06/30,,126.72,,
North Korea,PRK,2025/09/30,,126.72,,
North Korea,PRK,2025/12/31,2.37,126.72,,1.24
North Korea,PRK,2026/12/31,2.39,,,1.17
North Korea,PRK,2027/12/31,3.08,,,1.04
North Macedonia,MKD,2019/12/31,0.77,,2.3,3.91
North Macedonia,MKD,2020/12/31,1.2,,1.67,-4.69
North Macedonia,MKD,2021/12/31,3.23,,1.3,4.51
North Macedonia,MKD,2022/12/31,14.2,,2.34,2.76
North Macedonia,MKD,2023/03/31,,61.6,,
North Macedonia,MKD,2023/06/30,,61.6,,
North Macedonia,MKD,2023/09/30,,61.6,,
North Macedonia,MKD,2023/12/31,9.36,61.6,5.78,2.07
North Macedonia,MKD,2024/03/31,,61.6,,
North Macedonia,MKD,2024/06/30,,61.6,,
North Macedonia,MKD,2024/09/30,,61.6,,
North Macedonia,MKD,2024/12/31,3.49,61.6,6.17,2.76
North Macedonia,MKD,2025/03/31,,61.6,,
North Macedonia,MKD,2025/06/30,,61.6,,
North Macedonia,MKD,2025/09/30,,61.6,,
North Macedonia,MKD,2025/12/31,4.09,61.6,5.35,3.01
North Macedonia,MKD,2026/12/31,3.34,,,3.21
North Macedonia,MKD,2027/12/31,1.84,,,2.92
Norway,NOR,2019/12/31,2.17,,1.14,1.43
Norway,NOR,2020/12/31,1.29,,0.36,-1.81
Norway,NOR,2021/12/31,3.48,,0.08,4.23
Norway,NOR,2022/12/31,5.76,,1.32,4.28
Norway,NOR,2023/03/31,,10.99,,
Norway,NOR,2023/06/30,,11.66,,
Norway,NOR,2023/09/30,,11.4,,
Norway,NOR,2023/12/31,5.52,11.66,3.54,0.57
Norway,NOR,2024/03/31,,11.41,,
Norway,NOR,2024/06/30,,11.57,,
Norway,NOR,2024/09/30,,11.76,,
Norway,NOR,2024/12/31,3.15,11.76,4.5,1.52
Norway,NOR,2025/03/31,,11.65,,
Norway,NOR,2025/06/30,,11.67,,
Norway,NOR,2025/09/30,,11.8,,
Norway,NOR,2025/12/31,3.06,11.75,4.3,1.39
Norway,NOR,2026/12/31,2.65,,,2.06
Norway,NOR,2027/12/31,2.0,,,1.31
Oman,OMN,2019/12/31,0.48,,2.74,-1.13
Oman,OMN,2020/12/31,-0.41,,0.82,-3.38
Oman,OMN,2021/12/31,1.68,,0.5,2.58
Oman,OMN,2022/12/31,2.51,,2.25,7.99
Oman,OMN,2023/03/31,,0.42,,
Oman,OMN,2023/06/30,,0.42,,
Oman,OMN,2023/09/30,,0.42,,
Oman,OMN,2023/12/31,0.95,0.42,5.69,1.41
Oman,OMN,2024/03/31,,0.42,,
Oman,OMN,2024/06/30,,0.42,,
Oman,OMN,2024/09/30,,0.42,,
Oman,OMN,2024/12/31,0.59,0.42,5.81,1.6
Oman,OMN,2025/03/31,,0.43,,
Oman,OMN,2025/06/30,,0.43,,
Oman,OMN,2025/09/30,,0.43,,
Oman,OMN,2025/12/31,0.97,0.43,4.87,2.05
Oman,OMN,2026/12/31,1.6,,,2.26
Oman,OMN,2027/12/31,1.84,,,2.22
Pakistan,PAK,2019/12/31,9.39,,12.25,2.37
Pakistan,PAK,2020/12/31,9.48,,8.0,-0.52
Pakistan,PAK,2021/12/31,9.49,,7.75,6.89
Pakistan,PAK,2022/12/31,19.88,,13.63,3.12
Pakistan,PAK,2023/03/31,,280.24,,
Pakistan,PAK,2023/06/30,,311.37,,
Pakistan,PAK,2023/09/30,,317.07,,
Pakistan,PAK,2023/12/31,30.76,304.56,21.5,0.41
Pakistan,PAK,2024/03/31,,303.45,,
Pakistan,PAK,2024/06/30,,299.65,,
Pakistan,PAK,2024/09/30,,305.78,,
Pakistan,PAK,2024/12/31,12.64,296.87,18.25,2.86
Pakistan,PAK,2025/03/31,,294.03,,
Pakistan,PAK,2025/06/30,,319.57,,
Pakistan,PAK,2025/09/30,,330.15,,
Pakistan,PAK,2025/12/31,3.53,327.02,11.25,4.89
Pakistan,PAK,2026/12/31,7.46,,,2.05
Pakistan,PAK,2027/12/31,6.36,,,3.13
Panama,PAN,2019/12/31,-0.36,,1.92,3.05
Panama,PAN,2020/12/31,-1.55,,0.78,-18.56
Panama,PAN,2021/12/31,1.63,,0.1,17.43
Panama,PAN,2022/12/31,2.86,,1.78,11.03
Panama,PAN,2023/03/31,,1.08,,
Panama,PAN,2023/06/30,,1.08,,
Panama,PAN,2023/09/30,,1.08,,
Panama,PAN,2023/12/31,1.49,1.08,4.85,7.28
Panama,PAN,2024/03/31,,1.08,,
Panama,PAN,2024/06/30,,1.08,,
Panama,PAN,2024/09/30,,1.08,,
Panama,PAN,2024/12/31,0.69,1.08,5.1,2.73
Panama,PAN,2025/03/31,,1.13,,
Panama,PAN,2025/06/30,,1.13,,
Panama,PAN,2025/09/30,,1.13,,
Panama,PAN,2025/12/31,-0.2,1.13,4.37,3.76
Panama,PAN,2026/12/31,1.77,,,3.66
Panama,PAN,2027/12/31,2.19,,,4.15
Papua New Guinea,PNG,2019/12/31,3.9,,5.0,4.48
Papua New Guinea,PNG,2020/12/31,4.93,,3.0,-3.17
Papua New Guinea,PNG,2021/12/31,4.44,,3.0,-0.78
Papua New Guinea,PNG,2022/12/31,5.26,,3.25,5.17
Papua New Guinea,PNG,2023/03/31,,3.88,,
Papua New Guinea,PNG,2023/06/30,,3.88,,
Papua New Guinea,PNG,2023/09/30,,3.88,,
Papua New Guinea,PNG,2023/12/31,2.29,3.88,2.5,2.68
Papua New Guinea,PNG,2024/03/31,,4.13,,
Papua New Guinea,PNG,2024/06/30,,4.13,,
Papua New Guinea,PNG,2024/09/30,,4.13,,
Papua New Guinea,PNG,2024/12/31,0.65,4.13,4.0,4.33
Papua New Guinea,PNG,2025/03/31,,4.49,,
Papua New Guinea,PNG,2025/06/30,,4.49,,
Papua New Guinea,PNG,2025/09/30,,4.49,,
Papua New Guinea,PNG,2025/12/31,4.25,4.49,5.0,5.3
Papua New Guinea,PNG,2026/12/31,3.92,,,4.12
Papua New Guinea,PNG,2027/12/31,4.08,,,3.59
Paraguay,PRY,2019/12/31,2.76,,4.0,-0.4
Paraguay,PRY,2020/12/31,1.77,,0.75,-0.82
Paraguay,PRY,2021/12/31,4.79,,5.25,4.02
Paraguay,PRY,2022/12/31,9.77,,8.5,0.2
Paraguay,PRY,2023/03/31,,7881.5,,
Paraguay,PRY,2023/06/30,,7881.5,,
Paraguay,PRY,2023/09/30,,7881.5,,
Paraguay,PRY,2023/12/31,4.63,7881.5,6.75,5.0
Paraguay,PRY,2024/03/31,,8182.06,,
Paraguay,PRY,2024/06/30,,8182.06,,
Paraguay,PRY,2024/09/30,,8182.06,,
Paraguay,PRY,2024/12/31,3.84,8182.06,6.0,4.23
Paraguay,PRY,2025/03/31,,8580.82,,
Paraguay,PRY,2025/06/30,,8580.82,,
Paraguay,PRY,2025/09/30,,8580.82,,
Paraguay,PRY,2025/12/31,4.2,8580.82,6.0,5.26
Paraguay,PRY,2026/12/31,3.08,,,3.73
Paraguay,PRY,2027/12/31,3.25,,,3.84
Peru,PER,2019/12/31,2.14,,2.62,2.27
Peru,PER,2020/12/31,1.83,,0.74,-10.95
Peru,PER,2021/12/31,3.98,,0.71,13.47
Peru,PER,2022/12/31,7.88,,5.42,2.84
Peru,PER,2023/03/31,,4.1,,
Peru,PER,2023/06/30,,4.03,,
Peru,PER,2023/09/30,,4.0,,
Peru,PER,2023/12/31,6.26,4.06,7.56,-0.35
Peru,PER,2024/03/31,,4.08,,
Peru,PER,2024/06/30,,4.03,,
Peru,PER,2024/09/30,,4.13,,
Peru,PER,2024/12/31,2.35,4.01,5.74,3.47
Peru,PER,2025/03/31,,3.89,,
Peru,PER,2025/06/30,,4.14,,
Peru,PER,2025/09/30,,4.13,,
Peru,PER,2025/12/31,1.5,3.94,4.52,3.31
Peru,PER,2026/12/31,1.83,,,2.74
Peru,PER,2027/12/31,2.6,,,2.48
Philippines,PHL,2019/12/31,2.39,,4.43,6.12
Philippines,PHL,2020/12/31,2.39,,2.75,-9.52
Philippines,PHL,2021/12/31,3.93,,2.0,5.71
Philippines,PHL,2022/12/31,5.82,,3.06,7.58
Philippines,PHL,2023/03/31,,58.86,,
Philippines,PHL,2023/06/30,,60.58,,
Philippines,PHL,2023/09/30,,60.9,,
Philippines,PHL,2023/12/31,5.98,60.27,6.17,5.52
Philippines,PHL,2024/03/31,,60.76,,
Philippines,PHL,2024/06/30,,62.24,,
Philippines,PHL,2024/09/30,,62.88,,
Philippines,PHL,2024/12/31,3.21,62.11,6.35,5.69
Philippines,PHL,2025/03/31,,61.0,,
Philippines,PHL,2025/06/30,,63.81,,
Philippines,PHL,2025/09/30,,66.68,,
Philippines,PHL,2025/12/31,1.66,68.28,5.28,4.4
Philippines,PHL,2026/12/31,2.55,,,5.49
Philippines,PHL,2027/12/31,2.99,,,6.55
Poland,POL,2019/12/31,2.24,,1.5,4.52
Poland,POL,2020/12/31,3.38,,0.51,-2.02
Poland,POL,2021/12/31,5.13,,0.35,6.84
Poland,POL,2022/12/31,14.36,,5.27,5.53
Poland,POL,2023/03/31,,4.71,,
Poland,POL,2023/06/30,,4.55,,
Poland,POL,2023/09/30,,4.5,,
Poland,POL,2023/12/31,11.44,4.42,6.45,0.14
Poland,POL,2024/03/31,,4.33,,
Poland,POL,2024/06/30,,4.3,,
Poland,POL,2024/09/30,,4.28,,
Poland,POL,2024/12/31,3.78,4.31,5.75,2.97
Poland,POL,2025/03/31,,4.2,,
Poland,POL,2025/06/30,,4.26,,
Poland,POL,2025/09/30,,4.26,,
Poland,POL,2025/12/31,3.78,4.24,5.11,3.56
Poland,POL,2026/12/31,2.11,,,3.98
Poland,POL,2027/12/31,2.57,,,2.67
Portugal,PRT,2019/12/31,0.34,,0.0,2.75
Portugal,PRT,2020/12/31,-0.01,,0.0,-8.2
Portugal,PRT,2021/12/31,1.26,,0.0,5.56
Portugal,PRT,2022/12/31,7.82,,0.58,6.99
Portugal,PRT,2023/03/31,,200.48,,
Portugal,PRT,2023/06/30,,200.48,,
Portugal,PRT,2023/09/30,,200.48,,
Portugal,PRT,2023/12/31,4.31,200.48,3.81,3.1
Portugal,PRT,2024/03/31,,200.48,,
Portugal,PRT,2024/06/30,,200.48,,
Portugal,PRT,2024/09/30,,200.48,,
Portugal,PRT,2024/12/31,2.42,200.48,4.14,2.14
Portugal,PRT,2025/03/31,,200.48,,
Portugal,PRT,2025/06/30,,200.48,,
Portugal,PRT,2025/09/30,,200.48,,
Portugal,PRT,2025/12/31,2.34,200.48,2.41,1.89
Portugal,PRT,2026/12/31,1.92,,,2.3
Portugal,PRT,2027/12/31,2.05,,,1.86
Puerto Rico,PRI,2019/12/31,0.5,,,1.68
Puerto Rico,PRI,2020/12/31,0.0,,,-4.18
Puerto Rico,PRI,2021/12/31,0.2,,,0.39
Puerto Rico,PRI,2022/12/31,4.6,,,3.57
Puerto Rico,PRI,2023/03/31,,1.08,,
Puerto Rico,PRI,2023/06/30,,1.08,,
Puerto Rico,PRI,2023/09/30,,1.08,,
Puerto Rico,PRI,2023/12/31,5.4,1.08,,0.56
Puerto Rico,PRI,2024/03/31,,1.08,,
Puerto Rico,PRI,2024/06/30,,1.08,,
Puerto Rico,PRI,2024/09/30,,1.08,,
Puerto Rico,PRI,2024/12/31,2.4,1.08,,2.06
Puerto Rico,PRI,2025/03/31,,1.13,,
Puerto Rico,PRI,2025/06/30,,1.13,,
Puerto Rico,PRI,2025/09/30,,1.13,,
Puerto Rico,PRI,2025/12/31,2.46,1.13,,1.7
Puerto Rico,PRI,2026/12/31,1.49,,,0.41
Puerto Rico,PRI,2027/12/31,1.97,,,0.87
Qatar,QAT,2019/12/31,-0.89,,4.78,0.69
Qatar,QAT,2020/12/31,-2.58,,2.84,-3.56
Qatar,QAT,2021/12/31,2.3,,2.5,1.63
Qatar,QAT,2022/12/31,5.0,,3.46,4.23
Qatar,QAT,2023/03/31,,3.94,,
Qatar,QAT,2023/06/30,,3.94,,
Qatar,QAT,2023/09/30,,3.94,,
Qatar,QAT,2023/12/31,3.03,3.94,5.97,1.56
Qatar,QAT,2024/03/31,,3.94,,
Qatar,QAT,2024/06/30,,3.94,,
Qatar,QAT,2024/09/30,,3.94,,
Qatar,QAT,2024/12/31,1.23,3.94,6.04,2.66
Qatar,QAT,2025/03/31,,4.11,,
Qatar,QAT,2025/06/30,,4.11,,
Qatar,QAT,2025/09/30,,4.11,,
Qatar,QAT,2025/12/31,0.54,4.11,4.97,2.96
Qatar,QAT,2026/12/31,3.1,,,5.95
Qatar,QAT,2027/12/31,2.28,,,4.89
Reunion,REU,2019/12/31,0.4,,,2.2
Reunion,REU,2020/12/31,0.0,,,-4.2
Reunion,REU,2021/12/31,1.5,,,6.7
Reunion,REU,2022/12/31,3.6,,,2.7
Reunion,REU,2023/03/31,,1.0,,
Reunion,REU,2023/06/30,,1.0,,
Reunion,REU,2023/09/30,,1.0,,
Reunion,REU,2023/12/31,3.1,1.0,,0.9
Reunion,REU,2024/03/31,,1.0,,
Reunion,REU,2024/06/30,,1.0,,
Reunion,REU,2024/09/30,,1.0,,
Reunion,REU,2024/12/31,3.0,1.0,,2.22
Reunion,REU,2025/03/31,,1.0,,
Reunion,REU,2025/06/30,,1.0,,
Reunion,REU,2025/09/30,,1.0,,
Reunion,REU,2025/12/31,1.97,1.0,,2.44
Reunion,REU,2026/12/31,1.98,,,2.92
Reunion,REU,2027/12/31,2.08,,,2.87
Romania,ROM,2019/12/31,3.82,,2.5,3.96
Romania,ROM,2020/12/31,2.65,,1.87,-3.6
Romania,ROM,2021/12/31,5.05,,1.36,5.59
Romania,ROM,2022/12/31,13.8,,4.33,4.19
Romania,ROM,2023/03/31,,4.92,,
Romania,ROM,2023/06/30,,4.95,,
Romania,ROM,2023/09/30,,4.95,,
Romania,ROM,2023/12/31,10.4,4.97,6.99,2.26
Romania,ROM,2024/03/31,,4.98,,
Romania,ROM,2024/06/30,,4.97,,
Romania,ROM,2024/09/30,,4.97,,
Romania,ROM,2024/12/31,5.58,4.98,6.78,0.92
Romania,ROM,2025/03/31,,4.98,,
Romania,ROM,2025/06/30,,5.03,,
Romania,ROM,2025/09/30,,5.07,,
Romania,ROM,2025/12/31,7.33,5.09,6.5,1.43
Romania,ROM,2026/12/31,6.48,,,1.6
Romania,ROM,2027/12/31,3.3,,,1.51
Russia,RUS,2019/12/31,4.47,,7.33,2.2
Russia,RUS,2020/12/31,3.38,,5.05,-2.65
Russia,RUS,2021/12/31,6.69,,5.75,5.87
Russia,RUS,2022/12/31,13.75,,10.61,-1.44
Russia,RUS,2023/03/31,,78.08,,
Russia,RUS,2023/06/30,,88.17,,
Russia,RUS,2023/09/30,,102.43,,
Russia,RUS,2023/12/31,5.86,99.75,9.95,4.08
Russia,RUS,2024/03/31,,98.55,,
Russia,RUS,2024/06/30,,97.55,,
Russia,RUS,2024/09/30,,98.0,,
Russia,RUS,2024/12/31,8.44,106.41,17.51,4.34
Russia,RUS,2025/03/31,,98.13,,
Russia,RUS,2025/06/30,,91.64,,
Russia,RUS,2025/09/30,,94.17,,
Russia,RUS,2025/12/31,8.7,92.98,19.17,0.95
Russia,RUS,2026/12/31,5.62,,,0.47
Russia,RUS,2027/12/31,4.48,,,1.06
Rwanda,RWA,2019/12/31,3.35,,5.17,9.28
Rwanda,RWA,2020/12/31,9.85,,4.66,-2.77
Rwanda,RWA,2021/12/31,-0.4,,4.5,8.41
Rwanda,RWA,2022/12/31,17.7,,5.39,9.82
Rwanda,RWA,2023/03/31,,1254.42,,
Rwanda,RWA,2023/06/30,,1254.42,,
Rwanda,RWA,2023/09/30,,1254.42,,
Rwanda,RWA,2023/12/31,19.79,1254.42,7.12,8.56
Rwanda,RWA,2024/03/31,,1426.54,,
Rwanda,RWA,2024/06/30,,1426.54,,
Rwanda,RWA,2024/09/30,,1426.54,,
Rwanda,RWA,2024/12/31,1.77,1426.54,7.02,7.22
Rwanda,RWA,2025/03/31,,1613.34,,
Rwanda,RWA,2025/06/30,,1613.34,,
Rwanda,RWA,2025/09/30,,1613.34,,
Rwanda,RWA,2025/12/31,5.9,1613.34,6.59,9.02
Rwanda,RWA,2026/12/31,5.82,,,7.22
Rwanda,RWA,2027/12/31,5.15,,,6.85
Samoa,WSM,2019/12/31,0.98,,,4.48
Samoa,WSM,2020/12/31,-1.57,,,-3.1
Samoa,WSM,2021/12/31,3.13,,,-7.02
Samoa,WSM,2022/12/31,10.96,,,-5.37
Samoa,WSM,2023/03/31,,2.96,,
Samoa,WSM,2023/06/30,,2.96,,
Samoa,WSM,2023/09/30,,2.96,,
Samoa,WSM,2023/12/31,7.92,2.96,,9.21
Samoa,WSM,2024/03/31,,2.98,,
Samoa,WSM,2024/06/30,,2.98,,
Samoa,WSM,2024/09/30,,2.98,,
Samoa,WSM,2024/12/31,2.17,2.98,,9.41
Samoa,WSM,2025/03/31,,3.15,,
Samoa,WSM,2025/06/30,,3.15,,
Samoa,WSM,2025/09/30,,3.15,,
Samoa,WSM,2025/12/31,2.41,3.15,,5.43
Samoa,WSM,2026/12/31,2.45,,,2.23
Samoa,WSM,2027/12/31,3.12,,,1.42
Sao Tome and Principe,STP,2019/12/31,7.72,,9.0,2.2
Sao Tome and Principe,STP,2020/12/31,9.82,,9.0,3.1
Sao Tome and Principe,STP,2021/12/31,8.14,,9.0,1.9
Sao Tome and Principe,STP,2022/12/31,18.0,,9.58,0.2
Sao Tome and Principe,STP,2023/03/31,,24.5,,
Sao Tome and Principe,STP,2023/06/30,,24.5,,
Sao Tome and Principe,STP,2023/09/30,,24.5,,
Sao Tome and Principe,STP,2023/12/31,21.26,24.5,10.0,0.4
Sao Tome and Principe,STP,2024/03/31,,24.61,,
Sao Tome and Principe,STP,2024/06/30,,24.61,,
Sao Tome and Principe,STP,2024/09/30,,24.61,,
Sao Tome and Principe,STP,2024/12/31,14.35,24.61,10.0,0.95
Sao Tome and Principe,STP,2025/03/31,,24.55,,
Sao Tome and Principe,STP,2025/06/30,,24.55,,
Sao Tome and Principe,STP,2025/09/30,,24.55,,
Sao Tome and Principe,STP,2025/12/31,10.43,24.55,10.0,2.95
Sao Tome and Principe,STP,2026/12/31,5.57,,,3.35
Sao Tome and Principe,STP,2027/12/31,5.42,,,3.25
Saudi Arabia,SAU,2019/12/31,-2.04,,2.28,1.65
Saudi Arabia,SAU,2020/12/31,3.19,,0.74,-3.8
Saudi Arabia,SAU,2021/12/31,3.13,,0.5,6.52
Saudi Arabia,SAU,2022/12/31,2.55,,1.98,12.0
Saudi Arabia,SAU,2023/03/31,,4.02,,
Saudi Arabia,SAU,2023/06/30,,4.08,,
Saudi Arabia,SAU,2023/09/30,,4.08,,
Saudi Arabia,SAU,2023/12/31,2.47,4.03,5.2,0.54
Saudi Arabia,SAU,2024/03/31,,4.07,,
Saudi Arabia,SAU,2024/06/30,,4.04,,
Saudi Arabia,SAU,2024/09/30,,4.12,,
Saudi Arabia,SAU,2024/12/31,1.5,4.01,5.31,2.65
Saudi Arabia,SAU,2025/03/31,,3.95,,
Saudi Arabia,SAU,2025/06/30,,4.25,,
Saudi Arabia,SAU,2025/09/30,,4.38,,
Saudi Arabia,SAU,2025/12/31,2.03,4.36,4.37,4.6
Saudi Arabia,SAU,2026/12/31,2.41,,,4.29
Saudi Arabia,SAU,2027/12/31,2.58,,,4.43
Senegal,SEN,2019/12/31,1.0,,2.5,4.61
Senegal,SEN,2020/12/31,2.54,,2.24,1.34
Senegal,SEN,2021/12/31,2.18,,2.0,6.54
Senegal,SEN,2022/12/31,9.69,,2.22,4.57
Senegal,SEN,2023/03/31,,655.99,,
Senegal,SEN,2023/06/30,,655.99,,
Senegal,SEN,2023/09/30,,655.99,,
Senegal,SEN,2023/12/31,5.94,655.99,3.03,4.26
Senegal,SEN,2024/03/31,,656.03,,
Senegal,SEN,2024/06/30,,656.03,,
Senegal,SEN,2024/09/30,,656.03,,
Senegal,SEN,2024/12/31,0.79,656.03,3.5,6.88
Senegal,SEN,2025/03/31,,657.11,,
Senegal,SEN,2025/06/30,,657.11,,
Senegal,SEN,2025/09/30,,657.11,,
Senegal,SEN,2025/12/31,1.25,657.11,3.38,8.02
Senegal,SEN,2026/12/31,1.8,,,5.46
Senegal,SEN,2027/12/31,0.96,,,4.2
Serbia,YUG,2019/12/31,1.85,,2.25,4.69
Serbia,YUG,2020/12/31,1.58,,1.0,-0.88
Serbia,YUG,2021/12/31,4.09,,1.0,7.88
Serbia,YUG,2022/12/31,11.98,,5.0,2.68
Serbia,YUG,2023/03/31,,117.25,,
Serbia,YUG,2023/06/30,,117.25,,
Serbia,YUG,2023/09/30,,117.25,,
Serbia,YUG,2023/12/31,12.37,117.25,6.5,3.81
Serbia,YUG,2024/03/31,,117.09,,
Serbia,YUG,2024/06/30,,117.09,,
Serbia,YUG,2024/09/30,,117.09,,
Serbia,YUG,2024/12/31,4.67,117.09,5.75,3.89
Serbia,YUG,2025/03/31,,117.0,,
Serbia,YUG,2025/06/30,,117.0,,
Serbia,YUG,2025/09/30,,117.0,,
Serbia,YUG,2025/12/31,3.78,117.0,5.62,1.86
Serbia,YUG,2026/12/31,2.62,,,2.01
Serbia,YUG,2027/12/31,3.35,,,2.54
Seychelles,SYC,2019/12/31,1.81,,5.38,5.52
Seychelles,SYC,2020/12/31,1.2,,3.75,-11.96
Seychelles,SYC,2021/12/31,9.77,,2.5,0.83
Seychelles,SYC,2022/12/31,2.63,,2.0,12.7
Seychelles,SYC,2023/03/31,,14.92,,
Seychelles,SYC,2023/06/30,,15.02,,
Seychelles,SYC,2023/09/30,,15.24,,
Seychelles,SYC,2023/12/31,-1.04,15.44,2.0,2.26
Seychelles,SYC,2024/03/31,,15.45,,
Seychelles,SYC,2024/06/30,,15.59,,
Seychelles,SYC,2024/09/30,,16.11,,
Seychelles,SYC,2024/12/31,0.31,15.75,1.81,3.43
Seychelles,SYC,2025/03/31,,15.53,,
Seychelles,SYC,2025/06/30,,16.56,,
Seychelles,SYC,2025/09/30,,17.29,,
Seychelles,SYC,2025/12/31,0.62,17.29,1.75,3.09
Seychelles,SYC,2026/12/31,2.37,,,2.21
Seychelles,SYC,2027/12/31,3.34,,,2.83
Sierra Leone,SLE,2019/12/31,14.81,,16.5,5.5
Sierra Leone,SLE,2020/12/31,13.45,,15.17,-1.25
Sierra Leone,SLE,2021/12/31,11.87,,14.02,5.89
Sierra Leone,SLE,2022/12/31,27.21,,15.56,5.31
Sierra Leone,SLE,2023/03/31,,24.31,,
Sierra Leone,SLE,2023/06/30,,24.31,,
Sierra Leone,SLE,2023/09/30,,24.31,,
Sierra Leone,SLE,2023/12/31,47.64,24.31,19.63,5.71
Sierra Leone,SLE,2024/03/31,,24.44,,
Sierra Leone,SLE,2024/06/30,,24.44,,
Sierra Leone,SLE,2024/09/30,,24.44,,
Sierra Leone,SLE,2024/12/31,28.63,24.44,23.71,4.0
Sierra Leone,SLE,2025/03/31,,25.57,,
Sierra Leone,SLE,2025/06/30,,25.57,,
Sierra Leone,SLE,2025/09/30,,25.57,,
Sierra Leone,SLE,2025/12/31,7.78,25.57,22.0,3.88
Sierra Leone,SLE,2026/12/31,8.06,,,3.6
Sierra Leone,SLE,2027/12/31,8.36,,,3.47
Singapore,SGP,2019/12/31,0.57,,1.49,1.31
Singapore,SGP,2020/12/31,-0.17,,0.3,-3.81
Singapore,SGP,2021/12/31,2.32,,0.15,9.76
Singapore,SGP,2022/12/31,6.13,,1.49,4.11
Singapore,SGP,2023/03/31,,1.43,,
Singapore,SGP,2023/06/30,,1.46,,
Singapore,SGP,2023/09/30,,1.47,,
Singapore,SGP,2023/12/31,4.83,1.45,3.62,1.82
Singapore,SGP,2024/03/31,,1.45,,
Singapore,SGP,2024/06/30,,1.46,,
Singapore,SGP,2024/09/30,,1.45,,
Singapore,SGP,2024/12/31,2.39,1.42,3.44,4.39
Singapore,SGP,2025/03/31,,1.42,,
Singapore,SGP,2025/06/30,,1.47,,
Singapore,SGP,2025/09/30,,1.5,,
Singapore,SGP,2025/12/31,0.9,1.51,1.8,4.76
Singapore,SGP,2026/12/31,1.43,,,4.46
Singapore,SGP,2027/12/31,1.36,,,1.34
Slovak Republic,SVK,2019/12/31,2.66,,0.0,2.28
Slovak Republic,SVK,2020/12/31,1.94,,0.0,-2.59
Slovak Republic,SVK,2021/12/31,3.15,,0.0,5.66
Slovak Republic,SVK,2022/12/31,12.78,,0.58,0.54
Slovak Republic,SVK,2023/03/31,,30.13,,
Slovak Republic,SVK,2023/06/30,,30.13,,
Slovak Republic,SVK,2023/09/30,,30.13,,
Slovak Republic,SVK,2023/12/31,10.53,30.13,3.81,2.11
Slovak Republic,SVK,2024/03/31,,30.13,,
Slovak Republic,SVK,2024/06/30,,30.13,,
Slovak Republic,SVK,2024/09/30,,30.13,,
Slovak Republic,SVK,2024/12/31,2.76,30.13,4.14,1.94
Slovak Republic,SVK,2025/03/31,,30.13,,
Slovak Republic,SVK,2025/06/30,,30.13,,
Slovak Republic,SVK,2025/09/30,,30.13,,
Slovak Republic,SVK,2025/12/31,4.0,30.13,2.41,0.75
Slovak Republic,SVK,2026/12/31,3.49,,,1.41
Slovak Republic,SVK,2027/12/31,2.21,,,2.44
Slovenia,SVN,2019/12/31,1.63,,0.0,3.44
Slovenia,SVN,2020/12/31,-0.05,,0.0,-4.43
Slovenia,SVN,2021/12/31,1.91,,0.0,8.29
Slovenia,SVN,2022/12/31,8.82,,0.58,3.0
Slovenia,SVN,2023/03/31,,239.64,,
Slovenia,SVN,2023/06/30,,239.64,,
Slovenia,SVN,2023/09/30,,239.64,,
Slovenia,SVN,2023/12/31,7.46,239.64,3.81,2.56
Slovenia,SVN,2024/03/31,,239.64,,
Slovenia,SVN,2024/06/30,,239.64,,
Slovenia,SVN,2024/09/30,,239.64,,
Slovenia,SVN,2024/12/31,1.97,239.64,4.14,1.69
Slovenia,SVN,2025/03/31,,239.64,,
Slovenia,SVN,2025/06/30,,239.64,,
Slovenia,SVN,2025/09/30,,239.64,,
Slovenia,SVN,2025/12/31,2.39,239.64,2.41,0.9
Slovenia,SVN,2026/12/31,1.82,,,2.32
Slovenia,SVN,2027/12/31,1.42,,,2.01
Solomon Islands,SLB,2019/12/31,1.63,,,1.75
Solomon Islands,SLB,2020/12/31,2.96,,,-3.38
Solomon Islands,SLB,2021/12/31,-0.12,,,2.56
Solomon Islands,SLB,2022/12/31,5.52,,,2.4
Solomon Islands,SLB,2023/03/31,,9.06,,
Solomon Islands,SLB,2023/06/30,,9.06,,
Solomon Islands,SLB,2023/09/30,,9.06,,
Solomon Islands,SLB,2023/12/31,5.89,9.06,,3.08
Solomon Islands,SLB,2024/03/31,,9.15,,
Solomon Islands,SLB,2024/06/30,,9.15,,
Solomon Islands,SLB,2024/09/30,,9.15,,
Solomon Islands,SLB,2024/12/31,4.32,9.15,,2.82
Solomon Islands,SLB,2025/03/31,,9.42,,
Solomon Islands,SLB,2025/06/30,,9.42,,
Solomon Islands,SLB,2025/09/30,,9.42,,
Solomon Islands,SLB,2025/12/31,3.59,9.42,,2.89
Solomon Islands,SLB,2026/12/31,1.48,,,2.84
Solomon Islands,SLB,2027/12/31,0.95,,,2.02
Somalia,SOM,2019/12/31,3.13,,,2.8
Somalia,SOM,2020/12/31,4.01,,,-2.76
Somalia,SOM,2021/12/31,4.4,,,3.45
Somalia,SOM,2022/12/31,6.78,,,2.72
Somalia,SOM,2023/03/31,,616.03,,
Somalia,SOM,2023/06/30,,616.03,,
Somalia,SOM,2023/09/30,,616.03,,
Somalia,SOM,2023/12/31,5.97,616.03,,4.18
Somalia,SOM,2024/03/31,,618.41,,
Somalia,SOM,2024/06/30,,618.41,,
Somalia,SOM,2024/09/30,,618.41,,
Somalia,SOM,2024/12/31,5.66,618.41,,4.11
Somalia,SOM,2025/03/31,,645.59,,
Somalia,SOM,2025/06/30,,645.59,,
Somalia,SOM,2025/09/30,,645.59,,
Somalia,SOM,2025/12/31,3.74,645.59,,2.65
Somalia,SOM,2026/12/31,3.5,,,2.86
Somalia,SOM,2027/12/31,2.32,,,3.66
South Africa,ZAF,2019/12/31,4.1,,6.64,0.26
South Africa,ZAF,2020/12/31,3.31,,4.35,-6.17
South Africa,ZAF,2021/12/31,4.55,,3.53,4.86
South Africa,ZAF,2022/12/31,6.88,,5.09,2.06
South Africa,ZAF,2023/03/31,,19.05,,
South Africa,ZAF,2023/06/30,,20.37,,
South Africa,ZAF,2023/09/30,,20.29,,
South Africa,ZAF,2023/12/31,5.87,20.17,7.91,0.81
South Africa,ZAF,2024/03/31,,20.51,,
South Africa,ZAF,2024/06/30,,20.0,,
South Africa,ZAF,2024/09/30,,19.76,,
South Africa,ZAF,2024/12/31,4.44,19.09,8.15,0.53
South Africa,ZAF,2025/03/31,,19.48,,
South Africa,ZAF,2025/06/30,,20.72,,
South Africa,ZAF,2025/09/30,,20.62,,
South Africa,ZAF,2025/12/31,3.21,19.93,7.24,1.33
South Africa,ZAF,2026/12/31,3.45,,,1.46
South Africa,ZAF,2027/12/31,3.84,,,1.51
South Korea,KOR,2019/12/31,0.38,,1.59,2.31
South Korea,KOR,2020/12/31,0.54,,0.71,-0.7
South Korea,KOR,2021/12/31,2.5,,0.61,4.61
South Korea,KOR,2022/12/31,5.09,,2.03,2.73
South Korea,KOR,2023/03/31,,1367.63,,
South Korea,KOR,2023/06/30,,1431.59,,
South Korea,KOR,2023/09/30,,1427.39,,
South Korea,KOR,2023/12/31,3.6,1420.95,3.49,1.58
South Korea,KOR,2024/03/31,,1442.65,,
South Korea,KOR,2024/06/30,,1476.31,,
South Korea,KOR,2024/09/30,,1490.95,,
South Korea,KOR,2024/12/31,2.32,1491.41,3.42,2.0
South Korea,KOR,2025/03/31,,1528.81,,
South Korea,KOR,2025/06/30,,1589.5,,
South Korea,KOR,2025/09/30,,1618.47,,
South Korea,KOR,2025/12/31,2.12,1686.39,2.64,0.93
South Korea,KOR,2026/12/31,2.1,,,1.97
South Korea,KOR,2027/12/31,1.88,,,1.87
South Sudan,SSD,2019/12/31,87.24,,,0.86
South Sudan,SSD,2020/12/31,29.68,,,-6.49
South Sudan,SSD,2021/12/31,10.52,,,5.33
South Sudan,SSD,2022/12/31,-6.69,,,-5.19
South Sudan,SSD,2023/03/31,,1005.97,,
South Sudan,SSD,2023/06/30,,1005.97,,
South Sudan,SSD,2023/09/30,,1005.97,,
South Sudan,SSD,2023/12/31,2.38,1005.97,,2.46
South Sudan,SSD,2024/03/31,,2341.01,,
South Sudan,SSD,2024/06/30,,2341.01,,
South Sudan,SSD,2024/09/30,,2341.01,,
South Sudan,SSD,2024/12/31,91.44,2341.01,,-27.61
South Sudan,SSD,2025/03/31,,5134.33,,
South Sudan,SSD,2025/06/30,,5134.33,,
South Sudan,SSD,2025/09/30,,5134.33,,
South Sudan,SSD,2025/12/31,120.03,5134.33,,-3.39
South Sudan,SSD,2026/12/31,45.06,,,19.3
South Sudan,SSD,2027/12/31,13.12,,,14.64
Spain,ESP,2019/12/31,0.7,,0.0,1.96
Spain,ESP,2020/12/31,-0.32,,0.0,-10.94
Spain,ESP,2021/12/31,3.09,,0.0,6.68
Spain,ESP,2022/12/31,8.39,,0.58,6.37
Spain,ESP,2023/03/31,,166.39,,
Spain,ESP,2023/06/30,,166.39,,
Spain,ESP,2023/09/30,,166.39,,
Spain,ESP,2023/12/31,3.53,166.39,3.81,2.46
Spain,ESP,2024/03/31,,166.39,,
Spain,ESP,2024/06/30,,166.39,,
Spain,ESP,2024/09/30,,166.39,,
Spain,ESP,2024/12/31,2.77,166.39,4.14,3.46
Spain,ESP,2025/03/31,,166.39,,
Spain,ESP,2025/06/30,,166.39,,
Spain,ESP,2025/09/30,,166.39,,
Spain,ESP,2025/12/31,2.67,166.39,2.41,2.77
Spain,ESP,2026/12/31,2.39,,,2.61
Spain,ESP,2027/12/31,2.04,,,2.08
Sri Lanka,LKA,2019/12/31,3.53,,8.03,-0.22
Sri Lanka,LKA,2020/12/31,6.15,,5.85,-4.62
Sri Lanka,LKA,2021/12/31,7.01,,5.18,4.21
Sri Lanka,LKA,2022/12/31,49.74,,12.36,-7.35
Sri Lanka,LKA,2023/03/31,,354.14,,
Sri Lanka,LKA,2023/06/30,,354.14,,
Sri Lanka,LKA,2023/09/30,,354.14,,
Sri Lanka,LKA,2023/12/31,16.54,354.14,13.05,-2.33
Sri Lanka,LKA,2024/03/31,,326.96,,
Sri Lanka,LKA,2024/06/30,,326.96,,
Sri Lanka,LKA,2024/09/30,,326.96,,
Sri Lanka,LKA,2024/12/31,1.63,326.96,8.0,5.01
Sri Lanka,LKA,2025/03/31,,340.85,,
Sri Lanka,LKA,2025/06/30,,340.85,,
Sri Lanka,LKA,2025/09/30,,340.85,,
Sri Lanka,LKA,2025/12/31,0.34,340.85,7.8,4.24
Sri Lanka,LKA,2026/12/31,3.86,,,3.08
Sri Lanka,LKA,2027/12/31,4.96,,,4.12
St. Kitts and Nevis,KNA,2019/12/31,-0.33,,,2.83
St. Kitts and Nevis,KNA,2020/12/31,-1.17,,,-15.35
St. Kitts and Nevis,KNA,2021/12/31,1.2,,,0.48
St. Kitts and Nevis,KNA,2022/12/31,2.67,,,10.52
St. Kitts and Nevis,KNA,2023/03/31,,2.92,,
St. Kitts and Nevis,KNA,2023/06/30,,2.92,,
St. Kitts and Nevis,KNA,2023/09/30,,2.92,,
St. Kitts and Nevis,KNA,2023/12/31,3.56,2.92,,2.3
St. Kitts and Nevis,KNA,2024/03/31,,2.92,,
St. Kitts and Nevis,KNA,2024/06/30,,2.92,,
St. Kitts and Nevis,KNA,2024/09/30,,2.92,,
St. Kitts and Nevis,KNA,2024/12/31,0.98,2.92,,1.5
St. Kitts and Nevis,KNA,2025/03/31,,3.05,,
St. Kitts and Nevis,KNA,2025/06/30,,3.05,,
St. Kitts and Nevis,KNA,2025/09/30,,3.05,,
St. Kitts and Nevis,KNA,2025/12/31,1.72,3.05,,1.7
St. Kitts and Nevis,KNA,2026/12/31,2.05,,,1.99
St. Kitts and Nevis,KNA,2027/12/31,2.04,,,2.21
St. Lucia,LCA,2019/12/31,0.54,,,-0.7
St. Lucia,LCA,2020/12/31,-1.76,,,-24.36
St. Lucia,LCA,2021/12/31,2.41,,,11.6
St. Lucia,LCA,2022/12/31,6.38,,,20.39
St. Lucia,LCA,2023/03/31,,2.92,,
St. Lucia,LCA,2023/06/30,,2.92,,
St. Lucia,LCA,2023/09/30,,2.92,,
St. Lucia,LCA,2023/12/31,4.07,2.92,,2.21
St. Lucia,LCA,2024/03/31,,2.92,,
St. Lucia,LCA,2024/06/30,,2.92,,
St. Lucia,LCA,2024/09/30,,2.92,,
St. Lucia,LCA,2024/12/31,-0.11,2.92,,6.94
St. Lucia,LCA,2025/03/31,,3.05,,
St. Lucia,LCA,2025/06/30,,3.05,,
St. Lucia,LCA,2025/09/30,,3.05,,
St. Lucia,LCA,2025/12/31,1.1,3.05,,3.17
St. Lucia,LCA,2026/12/31,1.6,,,2.57
St. Lucia,LCA,2027/12/31,2.22,,,2.2
St. Vincent / Grenadines,VCT,2019/12/31,0.91,,,0.67
St. Vincent / Grenadines,VCT,2020/12/31,-0.63,,,-4.27
St. Vincent / Grenadines,VCT,2021/12/31,1.57,,,2.09
St. Vincent / Grenadines,VCT,2022/12/31,5.66,,,3.11
St. Vincent / Grenadines,VCT,2023/03/31,,2.92,,
St. Vincent / Grenadines,VCT,2023/06/30,,2.92,,
St. Vincent / Grenadines,VCT,2023/09/30,,2.92,,
St. Vincent / Grenadines,VCT,2023/12/31,4.56,2.92,,6.02
St. Vincent / Grenadines,VCT,2024/03/31,,2.92,,
St. Vincent / Grenadines,VCT,2024/06/30,,2.92,,
St. Vincent / Grenadines,VCT,2024/09/30,,2.92,,
St. Vincent / Grenadines,VCT,2024/12/31,3.63,2.92,,4.76
St. Vincent / Grenadines,VCT,2025/03/31,,3.05,,
St. Vincent / Grenadines,VCT,2025/06/30,,3.05,,
St. Vincent / Grenadines,VCT,2025/09/30,,3.05,,
St. Vincent / Grenadines,VCT,2025/12/31,2.71,3.05,,3.36
St. Vincent / Grenadines,VCT,2026/12/31,1.91,,,2.71
St. Vincent / Grenadines,VCT,2027/12/31,2.08,,,2.26
Sudan,SDN,2019/12/31,50.99,,15.4,-2.18
Sudan,SDN,2020/12/31,163.26,,16.76,-3.63
Sudan,SDN,2021/12/31,359.09,,19.25,-1.87
Sudan,SDN,2022/12/31,138.81,,24.98,-0.96
Sudan,SDN,2023/03/31,,645.61,,
Sudan,SDN,2023/06/30,,645.61,,
Sudan,SDN,2023/09/30,,645.61,,
Sudan,SDN,2023/12/31,66.62,645.61,24.98,-29.43
Sudan,SDN,2024/03/31,,647.49,,
Sudan,SDN,2024/06/30,,647.49,,
Sudan,SDN,2024/09/30,,647.49,,
Sudan,SDN,2024/12/31,176.91,647.49,24.98,-13.49
Sudan,SDN,2025/03/31,,681.9,,
Sudan,SDN,2025/06/30,,681.9,,
Sudan,SDN,2025/09/30,,681.9,,
Sudan,SDN,2025/12/31,93.53,681.9,24.98,-7.82
Sudan,SDN,2026/12/31,42.61,,,-1.5
Sudan,SDN,2027/12/31,21.19,,,0.98
Suriname,SUR,2019/12/31,4.27,,,1.17
Suriname,SUR,2020/12/31,34.89,,,-15.98
Suriname,SUR,2021/12/31,59.12,,,-2.44
Suriname,SUR,2022/12/31,52.45,,,2.41
Suriname,SUR,2023/03/31,,39.77,,
Suriname,SUR,2023/06/30,,39.77,,
Suriname,SUR,2023/09/30,,39.77,,
Suriname,SUR,2023/12/31,51.59,39.77,,2.42
Suriname,SUR,2024/03/31,,35.91,,
Suriname,SUR,2024/06/30,,35.91,,
Suriname,SUR,2024/09/30,,35.91,,
Suriname,SUR,2024/12/31,16.23,35.91,,1.72
Suriname,SUR,2025/03/31,,41.58,,
Suriname,SUR,2025/06/30,,41.58,,
Suriname,SUR,2025/09/30,,41.58,,
Suriname,SUR,2025/12/31,8.45,41.58,,2.9
Suriname,SUR,2026/12/31,7.52,,,3.14
Suriname,SUR,2027/12/31,7.12,,,4.77
Sweden,SWE,2019/12/31,1.78,,-0.26,2.62
Sweden,SWE,2020/12/31,0.5,,0.0,-2.11
Sweden,SWE,2021/12/31,2.16,,0.0,5.0
Sweden,SWE,2022/12/31,8.37,,0.76,1.31
Sweden,SWE,2023/03/31,,11.2,,
Sweden,SWE,2023/06/30,,11.46,,
Sweden,SWE,2023/09/30,,11.76,,
Sweden,SWE,2023/12/31,8.55,11.47,3.46,0.03
Sweden,SWE,2024/03/31,,11.28,,
Sweden,SWE,2024/06/30,,11.5,,
Sweden,SWE,2024/09/30,,11.45,,
Sweden,SWE,2024/12/31,2.84,11.5,3.63,0.91
Sweden,SWE,2025/03/31,,11.23,,
Sweden,SWE,2025/06/30,,10.96,,
Sweden,SWE,2025/09/30,,11.12,,
Sweden,SWE,2025/12/31,0.68,10.95,2.09,1.81
Sweden,SWE,2026/12/31,0.52,,,2.39
Sweden,SWE,2027/12/31,1.67,,,1.8
Switzerland,CHE,2019/12/31,0.36,,-0.75,1.11
Switzerland,CHE,2020/12/31,-0.73,,-0.75,-2.37
Switzerland,CHE,2021/12/31,0.58,,-0.75,6.17
Switzerland,CHE,2022/12/31,2.84,,-0.26,3.59
Switzerland,CHE,2023/03/31,,0.99,,
Switzerland,CHE,2023/06/30,,0.98,,
Switzerland,CHE,2023/09/30,,0.96,,
Switzerland,CHE,2023/12/31,2.14,0.95,1.52,0.88
Switzerland,CHE,2024/03/31,,0.95,,
Switzerland,CHE,2024/06/30,,0.97,,
Switzerland,CHE,2024/09/30,,0.95,,
Switzerland,CHE,2024/12/31,1.06,0.94,1.34,1.39
Switzerland,CHE,2025/03/31,,0.95,,
Switzerland,CHE,2025/06/30,,0.94,,
Switzerland,CHE,2025/09/30,,0.94,,
Switzerland,CHE,2025/12/31,0.15,0.93,0.17,1.19
Switzerland,CHE,2026/12/31,0.31,,,0.91
Switzerland,CHE,2027/12/31,0.65,,,1.49
Syrian Arab Republic,SYR,2019/12/31,13.42,,5.0,2.79
Syrian Arab Republic,SYR,2020/12/31,114.8,,5.0,1.36
Syrian Arab Republic,SYR,2021/12/31,115.52,,5.0,1.85
Syrian Arab Republic,SYR,2022/12/31,72.77,,5.0,0.73
Syrian Arab Republic,SYR,2023/03/31,,8441.07,,
Syrian Arab Republic,SYR,2023/06/30,,8441.07,,
Syrian Arab Republic,SYR,2023/09/30,,8441.07,,
Syrian Arab Republic,SYR,2023/12/31,114.64,8441.07,5.0,-4.0
Syrian Arab Republic,SYR,2024/03/31,,14177.1,,
Syrian Arab Republic,SYR,2024/06/30,,14177.1,,
Syrian Arab Republic,SYR,2024/09/30,,14177.1,,
Syrian Arab Republic,SYR,2024/12/31,52.76,14177.1,5.0,-2.57
Syrian Arab Republic,SYR,2025/03/31,,14794.94,,
Syrian Arab Republic,SYR,2025/06/30,,14794.94,,
Syrian Arab Republic,SYR,2025/09/30,,14794.94,,
Syrian Arab Republic,SYR,2025/12/31,15.56,14794.94,5.0,4.86
Syrian Arab Republic,SYR,2026/12/31,8.48,,,11.38
Syrian Arab Republic,SYR,2027/12/31,3.77,,,9.94
Taiwan,TAI,2019/12/31,0.56,,1.38,3.06
Taiwan,TAI,2020/12/31,-0.24,,1.18,3.42
Taiwan,TAI,2021/12/31,1.97,,1.13,6.72
Taiwan,TAI,2022/12/31,2.95,,1.43,2.68
Taiwan,TAI,2023/03/31,,32.62,,
Taiwan,TAI,2023/06/30,,33.43,,
Taiwan,TAI,2023/09/30,,34.49,,
Taiwan,TAI,2023/12/31,2.49,34.23,1.85,1.08
Taiwan,TAI,2024/03/31,,34.15,,
Taiwan,TAI,2024/06/30,,34.84,,
Taiwan,TAI,2024/09/30,,35.47,,
Taiwan,TAI,2024/12/31,2.18,34.55,1.97,5.27
Taiwan,TAI,2025/03/31,,34.61,,
Taiwan,TAI,2025/06/30,,34.98,,
Taiwan,TAI,2025/09/30,,35.0,,
Taiwan,TAI,2025/12/31,1.66,36.14,2.0,8.63
Taiwan,TAI,2026/12/31,1.44,,,6.63
Taiwan,TAI,2027/12/31,1.38,,,3.46
Tajikistan,TJK,2019/12/31,7.77,,12.25,7.44
Tajikistan,TJK,2020/12/31,8.59,,10.75,4.4
Tajikistan,TJK,2021/12/31,8.92,,13.25,9.44
Tajikistan,TJK,2022/12/31,6.59,,13.0,8.03
Tajikistan,TJK,2023/03/31,,11.73,,
Tajikistan,TJK,2023/06/30,,11.73,,
Tajikistan,TJK,2023/09/30,,11.73,,
Tajikistan,TJK,2023/12/31,3.5,11.73,10.0,8.25
Tajikistan,TJK,2024/03/31,,11.69,,
Tajikistan,TJK,2024/06/30,,11.69,,
Tajikistan,TJK,2024/09/30,,11.69,,
Tajikistan,TJK,2024/12/31,3.39,11.69,9.0,8.4
Tajikistan,TJK,2025/03/31,,11.3,,
Tajikistan,TJK,2025/06/30,,11.3,,
Tajikistan,TJK,2025/09/30,,11.3,,
Tajikistan,TJK,2025/12/31,4.02,11.3,8.33,7.5
Tajikistan,TJK,2026/12/31,4.5,,,6.84
Tajikistan,TJK,2027/12/31,4.5,,,6.45
Tanzania,TZA,2019/12/31,3.44,,7.0,6.97
Tanzania,TZA,2020/12/31,3.28,,5.67,4.57
Tanzania,TZA,2021/12/31,3.69,,5.0,4.84
Tanzania,TZA,2022/12/31,4.35,,5.0,4.68
Tanzania,TZA,2023/03/31,,2405.16,,
Tanzania,TZA,2023/06/30,,2427.17,,
Tanzania,TZA,2023/09/30,,2576.77,,
Tanzania,TZA,2023/12/31,3.8,2694.28,5.0,5.14
Tanzania,TZA,2024/03/31,,2739.42,,
Tanzania,TZA,2024/06/30,,2801.05,,
Tanzania,TZA,2024/09/30,,2894.47,,
Tanzania,TZA,2024/12/31,3.06,2824.65,5.88,5.46
Tanzania,TZA,2025/03/31,,2727.02,,
Tanzania,TZA,2025/06/30,,2893.12,,
Tanzania,TZA,2025/09/30,,2772.13,,
Tanzania,TZA,2025/12/31,3.26,2756.46,5.88,5.96
Tanzania,TZA,2026/12/31,3.94,,,5.79
Tanzania,TZA,2027/12/31,4.71,,,5.1
Thailand,THA,2019/12/31,0.71,,1.61,2.11
Thailand,THA,2020/12/31,-0.85,,0.68,-6.05
Thailand,THA,2021/12/31,1.23,,0.5,1.55
Thailand,THA,2022/12/31,6.08,,0.69,2.58
Thailand,THA,2023/03/31,,36.39,,
Thailand,THA,2023/06/30,,37.54,,
Thailand,THA,2023/09/30,,38.28,,
Thailand,THA,2023/12/31,1.23,38.33,1.99,2.02
Thailand,THA,2024/03/31,,38.72,,
Thailand,THA,2024/06/30,,39.52,,
Thailand,THA,2024/09/30,,38.23,,
Thailand,THA,2024/12/31,0.4,36.32,2.45,2.54
Thailand,THA,2025/03/31,,35.73,,
Thailand,THA,2025/06/30,,37.54,,
Thailand,THA,2025/09/30,,37.73,,
Thailand,THA,2025/12/31,-0.13,37.43,1.77,1.99
Thailand,THA,2026/12/31,0.41,,,1.52
Thailand,THA,2027/12/31,1.69,,,2.93
Togo,TGO,2019/12/31,0.66,,2.5,4.92
Togo,TGO,2020/12/31,1.82,,2.24,1.99
Togo,TGO,2021/12/31,4.56,,2.0,5.99
Togo,TGO,2022/12/31,7.61,,2.22,5.85
Togo,TGO,2023/03/31,,655.89,,
Togo,TGO,2023/06/30,,655.89,,
Togo,TGO,2023/09/30,,655.89,,
Togo,TGO,2023/12/31,5.32,655.89,3.03,6.44
Togo,TGO,2024/03/31,,656.22,,
Togo,TGO,2024/06/30,,656.22,,
Togo,TGO,2024/09/30,,656.22,,
Togo,TGO,2024/12/31,2.89,656.22,3.5,6.26
Togo,TGO,2025/03/31,,657.11,,
Togo,TGO,2025/06/30,,657.11,,
Togo,TGO,2025/09/30,,657.11,,
Togo,TGO,2025/12/31,0.84,657.11,3.38,5.67
Togo,TGO,2026/12/31,1.59,,,4.65
Togo,TGO,2027/12/31,1.44,,,4.3
Tonga,TON,2019/12/31,1.18,,,-0.21
Tonga,TON,2020/12/31,-0.35,,,1.78
Tonga,TON,2021/12/31,5.64,,,0.36
Tonga,TON,2022/12/31,10.97,,,-2.31
Tonga,TON,2023/03/31,,2.56,,
Tonga,TON,2023/06/30,,2.56,,
Tonga,TON,2023/09/30,,2.56,,
Tonga,TON,2023/12/31,6.35,2.56,,2.08
Tonga,TON,2024/03/31,,2.57,,
Tonga,TON,2024/06/30,,2.57,,
Tonga,TON,2024/09/30,,2.57,,
Tonga,TON,2024/12/31,3.18,2.57,,2.01
Tonga,TON,2025/03/31,,2.71,,
Tonga,TON,2025/06/30,,2.71,,
Tonga,TON,2025/09/30,,2.71,,
Tonga,TON,2025/12/31,2.45,2.71,,2.64
Tonga,TON,2026/12/31,3.12,,,2.47
Tonga,TON,2027/12/31,3.05,,,1.81
Trinidad and Tobago,TTO,2019/12/31,1.0,,5.0,0.79
Trinidad and Tobago,TTO,2020/12/31,0.6,,3.5,-9.46
Trinidad and Tobago,TTO,2021/12/31,2.06,,3.5,-1.62
Trinidad and Tobago,TTO,2022/12/31,5.83,,3.5,3.39
Trinidad and Tobago,TTO,2023/03/31,,7.3,,
Trinidad and Tobago,TTO,2023/06/30,,7.3,,
Trinidad and Tobago,TTO,2023/09/30,,7.3,,
Trinidad and Tobago,TTO,2023/12/31,4.63,7.3,3.5,-0.16
Trinidad and Tobago,TTO,2024/03/31,,7.31,,
Trinidad and Tobago,TTO,2024/06/30,,7.31,,
Trinidad and Tobago,TTO,2024/09/30,,7.31,,
Trinidad and Tobago,TTO,2024/12/31,0.53,7.31,3.5,0.97
Trinidad and Tobago,TTO,2025/03/31,,7.63,,
Trinidad and Tobago,TTO,2025/06/30,,7.63,,
Trinidad and Tobago,TTO,2025/09/30,,7.63,,
Trinidad and Tobago,TTO,2025/12/31,1.28,7.63,3.5,1.5
Trinidad and Tobago,TTO,2026/12/31,1.96,,,2.01
Trinidad and Tobago,TTO,2027/12/31,2.39,,,2.53
Tunisia,TUN,2019/12/31,6.7,,7.61,1.55
Tunisia,TUN,2020/12/31,5.64,,6.83,-8.98
Tunisia,TUN,2021/12/31,5.71,,6.25,4.74
Tunisia,TUN,2022/12/31,8.31,,6.78,2.75
Tunisia,TUN,2023/03/31,,3.32,,
Tunisia,TUN,2023/06/30,,3.35,,
Tunisia,TUN,2023/09/30,,3.38,,
Tunisia,TUN,2023/12/31,9.32,3.37,8.0,0.18
Tunisia,TUN,2024/03/31,,3.38,,
Tunisia,TUN,2024/06/30,,3.37,,
Tunisia,TUN,2024/09/30,,3.37,,
Tunisia,TUN,2024/12/31,7.01,3.34,8.0,1.61
Tunisia,TUN,2025/03/31,,3.32,,
Tunisia,TUN,2025/06/30,,3.38,,
Tunisia,TUN,2025/09/30,,3.38,,
Tunisia,TUN,2025/12/31,5.36,3.42,7.6,2.33
Tunisia,TUN,2026/12/31,5.23,,,1.57
Tunisia,TUN,2027/12/31,5.31,,,1.35
Turkey,TUR,2019/12/31,15.18,,20.69,1.3
Turkey,TUR,2020/12/31,12.27,,10.53,1.8
Turkey,TUR,2021/12/31,19.61,,17.78,11.81
Turkey,TUR,2022/12/31,72.3,,12.95,5.44
Turkey,TUR,2023/03/31,,20.23,,
Turkey,TUR,2023/06/30,,22.51,,
Turkey,TUR,2023/09/30,,29.15,,
Turkey,TUR,2023/12/31,53.86,30.62,18.26,5.05
Turkey,TUR,2024/03/31,,33.54,,
Turkey,TUR,2024/06/30,,34.8,,
Turkey,TUR,2024/09/30,,36.73,,
Turkey,TUR,2024/12/31,58.5,36.83,49.0,3.33
Turkey,TUR,2025/03/31,,38.06,,
Turkey,TUR,2025/06/30,,43.85,,
Turkey,TUR,2025/09/30,,47.53,,
Turkey,TUR,2025/12/31,34.88,49.06,43.85,3.84
Turkey,TUR,2026/12/31,26.75,,,3.03
Turkey,TUR,2027/12/31,16.74,,,2.46
Turkmenistan,TKM,2019/12/31,5.09,,9.15,6.3
Turkmenistan,TKM,2020/12/31,6.1,,9.41,5.9
Turkmenistan,TKM,2021/12/31,19.48,,9.23,6.2
Turkmenistan,TKM,2022/12/31,11.21,,13.85,6.2
Turkmenistan,TKM,2023/03/31,,3.79,,
Turkmenistan,TKM,2023/06/30,,3.79,,
Turkmenistan,TKM,2023/09/30,,3.79,,
Turkmenistan,TKM,2023/12/31,-1.59,3.79,16.53,6.3
Turkmenistan,TKM,2024/03/31,,3.79,,
Turkmenistan,TKM,2024/06/30,,3.79,,
Turkmenistan,TKM,2024/09/30,,3.79,,
Turkmenistan,TKM,2024/12/31,3.39,3.79,14.67,3.17
Turkmenistan,TKM,2025/03/31,,3.96,,
Turkmenistan,TKM,2025/06/30,,3.96,,
Turkmenistan,TKM,2025/09/30,,3.96,,
Turkmenistan,TKM,2025/12/31,6.45,3.96,14.5,1.73
Turkmenistan,TKM,2026/12/31,6.16,,,7.37
Turkmenistan,TKM,2027/12/31,5.82,,,2.63
Uganda,UGA,2019/12/31,2.14,,9.77,7.62
Uganda,UGA,2020/12/31,2.76,,7.7,-1.18
Uganda,UGA,2021/12/31,2.21,,6.73,5.62
Uganda,UGA,2022/12/31,7.19,,8.0,6.14
Uganda,UGA,2023/03/31,,3973.36,,
Uganda,UGA,2023/06/30,,4052.73,,
Uganda,UGA,2023/09/30,,4010.45,,
Uganda,UGA,2023/12/31,5.35,4078.32,9.81,4.97
Uganda,UGA,2024/03/31,,4208.8,,
Uganda,UGA,2024/06/30,,4068.69,,
Uganda,UGA,2024/09/30,,4076.85,,
Uganda,UGA,2024/12/31,3.32,3905.83,9.93,6.01
Uganda,UGA,2025/03/31,,3865.78,,
Uganda,UGA,2025/06/30,,4125.84,,
Uganda,UGA,2025/09/30,,4133.58,,
Uganda,UGA,2025/12/31,3.58,4113.49,9.75,6.23
Uganda,UGA,2026/12/31,4.21,,,6.29
Uganda,UGA,2027/12/31,5.0,,,9.83
Ukraine,UKR,2019/12/31,7.89,,13.5,3.2
Ukraine,UKR,2020/12/31,2.74,,6.0,-3.75
Ukraine,UKR,2021/12/31,9.36,,9.0,3.45
Ukraine,UKR,2022/12/31,20.18,,25.0,-28.76
Ukraine,UKR,2023/03/31,,39.55,,
Ukraine,UKR,2023/06/30,,39.55,,
Ukraine,UKR,2023/09/30,,39.55,,
Ukraine,UKR,2023/12/31,12.85,39.55,15.0,5.53
Ukraine,UKR,2024/03/31,,43.45,,
Ukraine,UKR,2024/06/30,,43.45,,
Ukraine,UKR,2024/09/30,,43.45,,
Ukraine,UKR,2024/12/31,6.5,43.45,13.5,2.91
Ukraine,UKR,2025/03/31,,47.08,,
Ukraine,UKR,2025/06/30,,47.08,,
Ukraine,UKR,2025/09/30,,47.08,,
Ukraine,UKR,2025/12/31,12.73,47.08,15.5,1.81
Ukraine,UKR,2026/12/31,8.8,,,1.96
Ukraine,UKR,2027/12/31,7.39,,,4.18
United Arab Emirates,ARE,2019/12/31,-1.93,,,1.27
United Arab Emirates,ARE,2020/12/31,-2.08,,0.1,-8.69
United Arab Emirates,ARE,2021/12/31,0.18,,0.13,4.55
United Arab Emirates,ARE,2022/12/31,4.83,,1.75,7.51
United Arab Emirates,ARE,2023/03/31,,3.97,,
United Arab Emirates,ARE,2023/06/30,,3.97,,
United Arab Emirates,ARE,2023/09/30,,3.97,,
United Arab Emirates,ARE,2023/12/31,1.62,3.97,5.09,4.3
United Arab Emirates,ARE,2024/03/31,,3.97,,
United Arab Emirates,ARE,2024/06/30,,3.97,,
United Arab Emirates,ARE,2024/09/30,,3.97,,
United Arab Emirates,ARE,2024/12/31,1.66,3.97,5.21,3.99
United Arab Emirates,ARE,2025/03/31,,4.15,,
United Arab Emirates,ARE,2025/06/30,,4.15,,
United Arab Emirates,ARE,2025/09/30,,4.15,,
United Arab Emirates,ARE,2025/12/31,1.15,4.15,4.27,5.47
United Arab Emirates,ARE,2026/12/31,1.75,,,4.81
United Arab Emirates,ARE,2027/12/31,1.99,,,4.31
United Kingdom,GBR,2019/12/31,1.78,,0.75,1.26
United Kingdom,GBR,2020/12/31,0.88,,0.23,-10.05
United Kingdom,GBR,2021/12/31,2.58,,0.11,8.54
United Kingdom,GBR,2022/12/31,9.05,,1.46,5.15
United Kingdom,GBR,2023/03/31,,1.13,,
United Kingdom,GBR,2023/06/30,,1.15,,
United Kingdom,GBR,2023/09/30,,1.16,,
United Kingdom,GBR,2023/12/31,7.3,1.15,4.68,0.27
United Kingdom,GBR,2024/03/31,,1.17,,
United Kingdom,GBR,2024/06/30,,1.17,,
United Kingdom,GBR,2024/09/30,,1.18,,
United Kingdom,GBR,2024/12/31,2.54,1.2,5.11,1.09
United Kingdom,GBR,2025/03/31,,1.2,,
United Kingdom,GBR,2025/06/30,,1.18,,
United Kingdom,GBR,2025/09/30,,1.15,,
United Kingdom,GBR,2025/12/31,3.37,1.14,4.25,1.38
United Kingdom,GBR,2026/12/31,2.52,,,0.87
United Kingdom,GBR,2027/12/31,2.63,,,1.34
United States,USA,2019/12/31,1.81,,2.16,2.58
United States,USA,2020/12/31,1.25,,0.42,-2.08
United States,USA,2021/12/31,4.68,,0.13,6.15
United States,USA,2022/12/31,7.99,,1.73,2.52
United States,USA,2023/03/31,,1.07,,
United States,USA,2023/06/30,,1.09,,
United States,USA,2023/09/30,,1.09,,
United States,USA,2023/12/31,4.13,1.08,5.07,2.93
United States,USA,2024/03/31,,1.09,,
United States,USA,2024/06/30,,1.08,,
United States,USA,2024/09/30,,1.1,,
United States,USA,2024/12/31,2.95,1.07,5.19,2.79
United States,USA,2025/03/31,,1.05,,
United States,USA,2025/06/30,,1.13,,
United States,USA,2025/09/30,,1.17,,
United States,USA,2025/12/31,2.74,1.16,4.25,2.25
United States,USA,2026/12/31,2.53,,,2.84
United States,USA,2027/12/31,2.13,,,2.36
Uruguay,URY,2019/12/31,7.88,,9.25,0.93
Uruguay,URY,2020/12/31,9.75,,6.88,-7.36
Uruguay,URY,2021/12/31,7.75,,4.94,5.84
Uruguay,URY,2022/12/31,9.11,,9.5,4.49
Uruguay,URY,2023/03/31,,42.04,,
Uruguay,URY,2023/06/30,,42.04,,
Uruguay,URY,2023/09/30,,41.32,,
Uruguay,URY,2023/12/31,5.87,42.5,10.44,0.74
Uruguay,URY,2024/03/31,,42.23,,
Uruguay,URY,2024/06/30,,41.73,,
Uruguay,URY,2024/09/30,,44.52,,
Uruguay,URY,2024/12/31,4.85,45.58,8.69,3.11
Uruguay,URY,2025/03/31,,45.28,,
Uruguay,URY,2025/06/30,,47.18,,
Uruguay,URY,2025/09/30,,46.82,,
Uruguay,URY,2025/12/31,4.65,46.07,8.63,2.1
Uruguay,URY,2026/12/31,3.88,,,1.93
Uruguay,URY,2027/12/31,4.47,,,2.23
Uzbekistan,UZB,2019/12/31,14.57,,16.0,6.78
Uzbekistan,UZB,2020/12/31,12.69,,14.0,1.56
Uzbekistan,UZB,2021/12/31,10.83,,14.0,8.03
Uzbekistan,UZB,2022/12/31,11.45,,15.0,6.0
Uzbekistan,UZB,2023/03/31,,12698.61,,
Uzbekistan,UZB,2023/06/30,,12698.61,,
Uzbekistan,UZB,2023/09/30,,12698.61,,
Uzbekistan,UZB,2023/12/31,9.96,12698.61,14.0,6.29
Uzbekistan,UZB,2024/03/31,,13692.34,,
Uzbekistan,UZB,2024/06/30,,13692.34,,
Uzbekistan,UZB,2024/09/30,,13692.34,,
Uzbekistan,UZB,2024/12/31,9.63,13692.34,13.5,6.5
Uzbekistan,UZB,2025/03/31,,14174.31,,
Uzbekistan,UZB,2025/06/30,,14174.31,,
Uzbekistan,UZB,2025/09/30,,14174.31,,
Uzbekistan,UZB,2025/12/31,8.32,14174.31,14.0,7.54
Uzbekistan,UZB,2026/12/31,7.32,,,6.12
Uzbekistan,UZB,2027/12/31,7.12,,,5.33
Vanuatu,VUT,2019/12/31,2.71,,,3.24
Vanuatu,VUT,2020/12/31,5.35,,,-4.99
Vanuatu,VUT,2021/12/31,2.33,,,-1.55
Vanuatu,VUT,2022/12/31,6.71,,,1.92
Vanuatu,VUT,2023/03/31,,128.8,,
Vanuatu,VUT,2023/06/30,,128.8,,
Vanuatu,VUT,2023/09/30,,128.8,,
Vanuatu,VUT,2023/12/31,11.15,128.8,,2.21
Vanuatu,VUT,2024/03/31,,128.97,,
Vanuatu,VUT,2024/06/30,,128.97,,
Vanuatu,VUT,2024/09/30,,128.97,,
Vanuatu,VUT,2024/12/31,1.21,128.97,,0.93
Vanuatu,VUT,2025/03/31,,127.06,,
Vanuatu,VUT,2025/06/30,,127.06,,
Vanuatu,VUT,2025/09/30,,127.06,,
Vanuatu,VUT,2025/12/31,2.2,127.06,,1.16
Vanuatu,VUT,2026/12/31,3.6,,,2.59
Vanuatu,VUT,2027/12/31,3.45,,,2.51
"Venezuela, RB",VEN,2019/12/31,4662.39,,41.0,-33.36
"Venezuela, RB",VEN,2020/12/31,2355.15,,10.0,-30.04
"Venezuela, RB",VEN,2021/12/31,1588.51,,12.0,4.29
"Venezuela, RB",VEN,2022/12/31,186.73,,19.2,11.1
"Venezuela, RB",VEN,2023/03/31,,24.28,,
"Venezuela, RB",VEN,2023/06/30,,27.93,,
"Venezuela, RB",VEN,2023/09/30,,33.88,,
"Venezuela, RB",VEN,2023/12/31,337.23,37.84,19.2,3.24
"Venezuela, RB",VEN,2024/03/31,,39.18,,
"Venezuela, RB",VEN,2024/06/30,,39.13,,
"Venezuela, RB",VEN,2024/09/30,,40.15,,
"Venezuela, RB",VEN,2024/12/31,48.38,47.46,19.2,4.4
"Venezuela, RB",VEN,2025/03/31,,64.0,,
"Venezuela, RB",VEN,2025/06/30,,102.45,,
"Venezuela, RB",VEN,2025/09/30,,160.04,,
"Venezuela, RB",VEN,2025/12/31,251.51,274.15,19.2,6.11
"Venezuela, RB",VEN,2026/12/31,358.25,,,8.28
"Venezuela, RB",VEN,2027/12/31,71.93,,,15.38
Vietnam,VNM,2019/12/31,2.79,,4.18,7.36
Vietnam,VNM,2020/12/31,3.22,,3.16,2.87
Vietnam,VNM,2021/12/31,1.83,,2.5,2.55
Vietnam,VNM,2022/12/31,3.16,,2.96,8.54
Vietnam,VNM,2023/03/31,,25274.3,,
Vietnam,VNM,2023/06/30,,25551.29,,
Vietnam,VNM,2023/09/30,,26021.31,,
Vietnam,VNM,2023/12/31,3.27,26166.21,3.43,4.98
Vietnam,VNM,2024/03/31,,26659.51,,
Vietnam,VNM,2024/06/30,,27190.69,,
Vietnam,VNM,2024/09/30,,27439.59,,
Vietnam,VNM,2024/12/31,3.63,26940.22,3.0,7.04
Vietnam,VNM,2025/03/31,,26751.74,,
Vietnam,VNM,2025/06/30,,29427.48,,
Vietnam,VNM,2025/09/30,,30650.38,,
Vietnam,VNM,2025/12/31,3.32,30540.47,3.0,8.02
Vietnam,VNM,2026/12/31,3.5,,,7.45
Vietnam,VNM,2027/12/31,3.76,,,6.93
Virgin Islands (U.S.),VIR,2019/12/31,3.01,,,2.91
Virgin Islands (U.S.),VIR,2020/12/31,6.61,,,-1.61
Virgin Islands (U.S.),VIR,2021/12/31,5.66,,,3.67
Virgin Islands (U.S.),VIR,2022/12/31,6.48,,,-1.31
Virgin Islands (U.S.),VIR,2023/03/31,,1.08,,
Virgin Islands (U.S.),VIR,2023/06/30,,1.08,,
Virgin Islands (U.S.),VIR,2023/09/30,,1.08,,
Virgin Islands (U.S.),VIR,2023/12/31,4.62,1.08,,1.78
Virgin Islands (U.S.),VIR,2024/03/31,,1.08,,
Virgin Islands (U.S.),VIR,2024/06/30,,1.08,,
Virgin Islands (U.S.),VIR,2024/09/30,,1.08,,
Virgin Islands (U.S.),VIR,2024/12/31,4.0,1.08,,2.52
Virgin Islands (U.S.),VIR,2025/03/31,,1.13,,
Virgin Islands (U.S.),VIR,2025/06/30,,1.13,,
Virgin Islands (U.S.),VIR,2025/09/30,,1.13,,
Virgin Islands (U.S.),VIR,2025/12/31,2.96,1.13,,2.31
Virgin Islands (U.S.),VIR,2026/12/31,2.11,,,2.29
Virgin Islands (U.S.),VIR,2027/12/31,1.8,,,1.38
Virgin Islands (UK),VUK,2019/12/31,1.4,,,7.1
Virgin Islands (UK),VUK,2020/12/31,0.4,,,-3.17
Virgin Islands (UK),VUK,2021/12/31,2.8,,,2.69
Virgin Islands (UK),VUK,2022/12/31,4.82,,,2.21
Virgin Islands (UK),VUK,2023/03/31,,1.08,,
Virgin Islands (UK),VUK,2023/06/30,,1.08,,
Virgin Islands (UK),VUK,2023/09/30,,1.08,,
Virgin Islands (UK),VUK,2023/12/31,3.81,1.08,,2.76
Virgin Islands (UK),VUK,2024/03/31,,1.08,,
Virgin Islands (UK),VUK,2024/06/30,,1.08,,
Virgin Islands (UK),VUK,2024/09/30,,1.08,,
Virgin Islands (UK),VUK,2024/12/31,3.86,1.08,,2.24
Virgin Islands (UK),VUK,2025/03/31,,1.13,,
Virgin Islands (UK),VUK,2025/06/30,,1.13,,
Virgin Islands (UK),VUK,2025/09/30,,1.13,,
Virgin Islands (UK),VUK,2025/12/31,3.75,1.13,,1.66
Virgin Islands (UK),VUK,2026/12/31,3.6,,,1.72
Virgin Islands (UK),VUK,2027/12/31,2.46,,,1.33
West Bank & Gaza,WBG,2019/12/31,1.56,,,1.36
West Bank & Gaza,WBG,2020/12/31,-0.71,,,-11.32
West Bank & Gaza,WBG,2021/12/31,1.24,,,7.01
West Bank & Gaza,WBG,2022/12/31,3.74,,,4.08
West Bank & Gaza,WBG,2023/03/31,,3.99,,
West Bank & Gaza,WBG,2023/06/30,,3.99,,
West Bank & Gaza,WBG,2023/09/30,,3.99,,
West Bank & Gaza,WBG,2023/12/31,5.87,3.99,,-4.56
West Bank & Gaza,WBG,2024/03/31,,4.0,,
West Bank & Gaza,WBG,2024/06/30,,4.0,,
West Bank & Gaza,WBG,2024/09/30,,4.0,,
West Bank & Gaza,WBG,2024/12/31,53.67,4.0,,-26.56
West Bank & Gaza,WBG,2025/03/31,,3.93,,
West Bank & Gaza,WBG,2025/06/30,,3.93,,
West Bank & Gaza,WBG,2025/09/30,,3.93,,
West Bank & Gaza,WBG,2025/12/31,23.51,3.93,,-5.07
West Bank & Gaza,WBG,2026/12/31,16.73,,,23.65
West Bank & Gaza,WBG,2027/12/31,6.45,,,4.36
World,WLD,2019/12/31,3.06,,,2.71
World,WLD,2020/12/31,2.77,,,-3.03
World,WLD,2021/12/31,4.35,,,6.62
World,WLD,2022/12/31,8.15,,,3.43
World,WLD,2023/12/31,6.05,,,2.9
World,WLD,2024/12/31,4.49,,,2.84
World,WLD,2025/12/31,3.43,,,3.02
World,WLD,2026/12/31,3.27,,,2.97
World,WLD,2027/12/31,2.96,,,2.91
"Yemen, Rep",YEM,2019/12/31,15.43,,27.0,1.44
"Yemen, Rep",YEM,2020/12/31,19.59,,27.0,1.2
"Yemen, Rep",YEM,2021/12/31,26.02,,27.0,-1.0
"Yemen, Rep",YEM,2022/12/31,29.07,,27.0,1.5
"Yemen, Rep",YEM,2023/03/31,,1465.3,,
"Yemen, Rep",YEM,2023/06/30,,1465.3,,
"Yemen, Rep",YEM,2023/09/30,,1465.3,,
"Yemen, Rep",YEM,2023/12/31,17.5,1465.3,27.0,-2.0
"Yemen, Rep",YEM,2024/03/31,,1801.35,,
"Yemen, Rep",YEM,2024/06/30,,1801.35,,
"Yemen, Rep",YEM,2024/09/30,,1801.35,,
"Yemen, Rep",YEM,2024/12/31,20.99,1801.35,27.0,-1.38
"Yemen, Rep",YEM,2025/03/31,,1955.57,,
"Yemen, Rep",YEM,2025/06/30,,1955.57,,
"Yemen, Rep",YEM,2025/09/30,,1955.57,,
"Yemen, Rep",YEM,2025/12/31,23.58,1955.57,27.0,-0.86
"Yemen, Rep",YEM,2026/12/31,17.55,,,-0.21
"Yemen, Rep",YEM,2027/12/31,9.41,,,1.27
Zambia,ZMB,2019/12/31,9.17,,10.2,1.47
Zambia,ZMB,2020/12/31,15.74,,9.66,-2.78
Zambia,ZMB,2021/12/31,21.99,,8.49,6.11
Zambia,ZMB,2022/12/31,10.97,,9.0,5.14
Zambia,ZMB,2023/03/31,,20.94,,
Zambia,ZMB,2023/06/30,,20.23,,
Zambia,ZMB,2023/09/30,,21.37,,
Zambia,ZMB,2023/12/31,10.88,24.84,9.66,5.3
Zambia,ZMB,2024/03/31,,27.72,,
Zambia,ZMB,2024/06/30,,27.93,,
Zambia,ZMB,2024/09/30,,28.6,,
Zambia,ZMB,2024/12/31,14.99,29.01,13.01,3.74
Zambia,ZMB,2025/03/31,,29.76,,
Zambia,ZMB,2025/06/30,,29.69,,
Zambia,ZMB,2025/09/30,,27.42,,
Zambia,ZMB,2025/12/31,13.83,26.53,14.42,5.72
Zambia,ZMB,2026/12/31,8.22,,,5.4
Zambia,ZMB,2027/12/31,7.9,,,4.4
Zimbabwe,ZWE,2019/12/31,163.44,,35.0,-6.1
Zimbabwe,ZWE,2020/12/31,81.41,,35.0,-7.83
Zimbabwe,ZWE,2021/12/31,19.73,,40.0,8.46
Zimbabwe,ZWE,2022/12/31,43.48,,200.0,6.13
Zimbabwe,ZWE,2023/03/31,,1.08,,
Zimbabwe,ZWE,2023/06/30,,1.08,,
Zimbabwe,ZWE,2023/09/30,,1.08,,
Zimbabwe,ZWE,2023/12/31,28.26,1.08,130.0,5.28
Zimbabwe,ZWE,2024/03/31,,1.08,,
Zimbabwe,ZWE,2024/06/30,,1.08,,
Zimbabwe,ZWE,2024/09/30,,1.08,,
Zimbabwe,ZWE,2024/12/31,42.34,1.08,35.0,1.68
Zimbabwe,ZWE,2025/03/31,,1.13,,
Zimbabwe,ZWE,2025/06/30,,1.13,,
Zimbabwe,ZWE,2025/09/30,,1.13,,
Zimbabwe,ZWE,2025/12/31,25.65,1.13,35.0,7.64
Zimbabwe,ZWE,2026/12/31,5.84,,,3.22
Zimbabwe,ZWE,2027/12/31,5.28,,,1.98
eSwatini,SWZ,2019/12/31,2.6,,6.63,6.08
eSwatini,SWZ,2020/12/31,3.87,,4.46,-2.86
eSwatini,SWZ,2021/12/31,3.78,,3.75,3.43
eSwatini,SWZ,2022/12/31,4.76,,5.0,1.12
eSwatini,SWZ,2023/03/31,,19.95,,
eSwatini,SWZ,2023/06/30,,19.95,,
eSwatini,SWZ,2023/09/30,,19.95,,
eSwatini,SWZ,2023/12/31,4.99,19.95,7.33,3.44
eSwatini,SWZ,2024/03/31,,19.84,,
eSwatini,SWZ,2024/06/30,,19.84,,
eSwatini,SWZ,2024/09/30,,19.84,,
eSwatini,SWZ,2024/12/31,4.03,19.84,7.38,2.64
eSwatini,SWZ,2025/03/31,,20.21,,
eSwatini,SWZ,2025/06/30,,20.21,,
eSwatini,SWZ,2025/09/30,,20.21,,
eSwatini,SWZ,2025/12/31,3.19,20.21,6.72,3.69
eSwatini,SWZ,2026/12/31,3.56,,,3.99
eSwatini,SWZ,2027/12/31,4.02,,,2.41
